"iteration","estimate"
1,7493.4
2,17484.6
3,7493.4
4,12489
5,9991.2
6,7493.4
7,22480.2
8,12489
9,22480.2
10,37467
11,4995.6
12,14986.8
13,37467
14,14986.8
15,7493.4
16,19982.4
17,0
18,14986.8
19,9991.2
20,9991.2
21,9991.2
22,19982.4
23,22480.2
24,7493.4
25,0
26,7493.4
27,7493.4
28,17484.6
29,17484.6
30,12489
31,12489
32,7493.4
33,9991.2
34,7493.4
35,12489
36,19982.4
37,9991.2
38,14986.8
39,7493.4
40,12489
41,2497.8
42,2497.8
43,7493.4
44,7493.4
45,4995.6
46,12489
47,9991.2
48,7493.4
49,7493.4
50,7493.4
51,12489
52,0
53,7493.4
54,9991.2
55,7493.4
56,14986.8
57,17484.6
58,2497.8
59,12489
60,22480.2
61,14986.8
62,9991.2
63,7493.4
64,19982.4
65,22480.2
66,14986.8
67,19982.4
68,29973.6
69,27475.8
70,2497.8
71,17484.6
72,27475.8
73,17484.6
74,37467
75,19982.4
76,32471.4
77,17484.6
78,14986.8
79,9991.2
80,32471.4
81,12489
82,7493.4
83,17484.6
84,19982.4
85,7493.4
86,12489
87,14986.8
88,14986.8
89,49956
90,32471.4
91,7493.4
92,14986.8
93,14986.8
94,7493.4
95,7493.4
96,12489
97,9991.2
98,37467
99,12489
100,19982.4
101,14986.8
102,9991.2
103,0
104,17484.6
105,4995.6
106,4995.6
107,17484.6
108,12489
109,12489
110,12489
111,17484.6
112,0
113,2497.8
114,2497.8
115,4995.6
116,2497.8
117,17484.6
118,12489
119,14986.8
120,9991.2
121,22480.2
122,9991.2
123,7493.4
124,4995.6
125,17484.6
126,9991.2
127,7493.4
128,22480.2
129,22480.2
130,7493.4
131,27475.8
132,24978
133,12489
134,4995.6
135,7493.4
136,14986.8
137,4995.6
138,27475.8
139,22480.2
140,9991.2
141,17484.6
142,9991.2
143,22480.2
144,22480.2
145,2497.8
146,7493.4
147,4995.6
148,4995.6
149,7493.4
150,9991.2
151,37467
152,0
153,12489
154,22480.2
155,12489
156,12489
157,7493.4
158,7493.4
159,7493.4
160,2497.8
161,7493.4
162,4995.6
163,9991.2
164,0
165,17484.6
166,9991.2
167,17484.6
168,14986.8
169,4995.6
170,9991.2
171,7493.4
172,9991.2
173,22480.2
174,27475.8
175,22480.2
176,7493.4
177,17484.6
178,7493.4
179,14986.8
180,14986.8
181,7493.4
182,14986.8
183,9991.2
184,14986.8
185,7493.4
186,4995.6
187,4995.6
188,14986.8
189,9991.2
190,12489
191,17484.6
192,19982.4
193,24978
194,24978
195,7493.4
196,12489
197,4995.6
198,9991.2
199,7493.4
200,9991.2
201,12489
202,4995.6
203,2497.8
204,9991.2
205,4995.6
206,7493.4
207,12489
208,17484.6
209,17484.6
210,9991.2
211,4995.6
212,7493.4
213,4995.6
214,4995.6
215,14986.8
216,12489
217,14986.8
218,0
219,2497.8
220,12489
221,19982.4
222,9991.2
223,37467
224,19982.4
225,2497.8
226,12489
227,12489
228,2497.8
229,17484.6
230,32471.4
231,7493.4
232,4995.6
233,29973.6
234,2497.8
235,14986.8
236,27475.8
237,27475.8
238,12489
239,19982.4
240,19982.4
241,19982.4
242,2497.8
243,17484.6
244,44960.4
245,19982.4
246,22480.2
247,7493.4
248,4995.6
249,7493.4
250,7493.4
251,7493.4
252,12489
253,14986.8
254,29973.6
255,7493.4
256,22480.2
257,7493.4
258,7493.4
259,19982.4
260,2497.8
261,7493.4
262,17484.6
263,9991.2
264,19982.4
265,22480.2
266,4995.6
267,9991.2
268,7493.4
269,22480.2
270,12489
271,9991.2
272,17484.6
273,22480.2
274,9991.2
275,2497.8
276,12489
277,7493.4
278,17484.6
279,7493.4
280,12489
281,9991.2
282,22480.2
283,4995.6
284,2497.8
285,4995.6
286,9991.2
287,29973.6
288,7493.4
289,19982.4
290,12489
291,4995.6
292,12489
293,14986.8
294,0
295,49956
296,4995.6
297,32471.4
298,12489
299,7493.4
300,14986.8
301,2497.8
302,17484.6
303,59947.2
304,4995.6
305,24978
306,17484.6
307,9991.2
308,7493.4
309,7493.4
310,7493.4
311,12489
312,0
313,12489
314,4995.6
315,4995.6
316,7493.4
317,22480.2
318,0
319,12489
320,7493.4
321,4995.6
322,12489
323,19982.4
324,4995.6
325,24978
326,14986.8
327,14986.8
328,4995.6
329,22480.2
330,22480.2
331,4995.6
332,7493.4
333,4995.6
334,7493.4
335,12489
336,12489
337,7493.4
338,9991.2
339,17484.6
340,7493.4
341,4995.6
342,12489
343,4995.6
344,19982.4
345,19982.4
346,17484.6
347,12489
348,14986.8
349,22480.2
350,4995.6
351,4995.6
352,9991.2
353,19982.4
354,2497.8
355,14986.8
356,12489
357,7493.4
358,2497.8
359,19982.4
360,19982.4
361,17484.6
362,19982.4
363,14986.8
364,7493.4
365,7493.4
366,27475.8
367,19982.4
368,14986.8
369,9991.2
370,22480.2
371,12489
372,14986.8
373,4995.6
374,0
375,32471.4
376,7493.4
377,12489
378,9991.2
379,9991.2
380,14986.8
381,4995.6
382,12489
383,9991.2
384,12489
385,14986.8
386,14986.8
387,14986.8
388,0
389,7493.4
390,4995.6
391,2497.8
392,17484.6
393,17484.6
394,12489
395,2497.8
396,22480.2
397,9991.2
398,12489
399,27475.8
400,19982.4
401,17484.6
402,17484.6
403,22480.2
404,22480.2
405,19982.4
406,12489
407,29973.6
408,4995.6
409,17484.6
410,9991.2
411,4995.6
412,4995.6
413,4995.6
414,7493.4
415,4995.6
416,4995.6
417,7493.4
418,12489
419,12489
420,14986.8
421,12489
422,14986.8
423,12489
424,14986.8
425,12489
426,2497.8
427,4995.6
428,7493.4
429,0
430,4995.6
431,9991.2
432,14986.8
433,24978
434,7493.4
435,12489
436,17484.6
437,7493.4
438,2497.8
439,7493.4
440,32471.4
441,27475.8
442,12489
443,14986.8
444,19982.4
445,14986.8
446,14986.8
447,7493.4
448,19982.4
449,17484.6
450,4995.6
451,17484.6
452,7493.4
453,4995.6
454,14986.8
455,0
456,24978
457,14986.8
458,24978
459,19982.4
460,24978
461,12489
462,27475.8
463,2497.8
464,7493.4
465,29973.6
466,9991.2
467,7493.4
468,19982.4
469,4995.6
470,7493.4
471,14986.8
472,7493.4
473,4995.6
474,4995.6
475,7493.4
476,12489
477,12489
478,7493.4
479,12489
480,19982.4
481,9991.2
482,12489
483,12489
484,4995.6
485,7493.4
486,4995.6
487,17484.6
488,17484.6
489,4995.6
490,9991.2
491,2497.8
492,7493.4
493,14986.8
494,22480.2
495,22480.2
496,4995.6
497,9991.2
498,14986.8
499,12489
500,2497.8
501,24978
502,12489
503,9991.2
504,17484.6
505,4995.6
506,9991.2
507,7493.4
508,22480.2
509,2497.8
510,4995.6
511,12489
512,24978
513,0
514,12489
515,9991.2
516,19982.4
517,7493.4
518,12489
519,7493.4
520,4995.6
521,7493.4
522,27475.8
523,12489
524,14986.8
525,4995.6
526,9991.2
527,4995.6
528,14986.8
529,7493.4
530,14986.8
531,4995.6
532,2497.8
533,32471.4
534,19982.4
535,14986.8
536,34969.2
537,19982.4
538,2497.8
539,14986.8
540,7493.4
541,14986.8
542,9991.2
543,14986.8
544,9991.2
545,39964.8
546,29973.6
547,7493.4
548,39964.8
549,14986.8
550,22480.2
551,12489
552,44960.4
553,9991.2
554,4995.6
555,2497.8
556,19982.4
557,7493.4
558,17484.6
559,12489
560,2497.8
561,4995.6
562,4995.6
563,14986.8
564,24978
565,24978
566,12489
567,0
568,12489
569,9991.2
570,42462.6
571,14986.8
572,9991.2
573,4995.6
574,19982.4
575,7493.4
576,7493.4
577,9991.2
578,4995.6
579,22480.2
580,17484.6
581,0
582,19982.4
583,12489
584,2497.8
585,17484.6
586,4995.6
587,7493.4
588,4995.6
589,9991.2
590,22480.2
591,14986.8
592,12489
593,12489
594,14986.8
595,2497.8
596,0
597,22480.2
598,7493.4
599,9991.2
600,7493.4
601,17484.6
602,19982.4
603,9991.2
604,4995.6
605,17484.6
606,2497.8
607,4995.6
608,7493.4
609,4995.6
610,24978
611,4995.6
612,4995.6
613,12489
614,17484.6
615,9991.2
616,24978
617,12489
618,22480.2
619,12489
620,12489
621,19982.4
622,7493.4
623,9991.2
624,0
625,17484.6
626,9991.2
627,4995.6
628,9991.2
629,4995.6
630,7493.4
631,14986.8
632,2497.8
633,4995.6
634,9991.2
635,14986.8
636,7493.4
637,9991.2
638,12489
639,39964.8
640,12489
641,2497.8
642,17484.6
643,17484.6
644,29973.6
645,0
646,9991.2
647,9991.2
648,4995.6
649,9991.2
650,9991.2
651,7493.4
652,0
653,19982.4
654,12489
655,9991.2
656,2497.8
657,9991.2
658,2497.8
659,2497.8
660,32471.4
661,0
662,17484.6
663,4995.6
664,7493.4
665,4995.6
666,2497.8
667,4995.6
668,7493.4
669,19982.4
670,7493.4
671,2497.8
672,12489
673,19982.4
674,17484.6
675,9991.2
676,4995.6
677,9991.2
678,17484.6
679,9991.2
680,9991.2
681,7493.4
682,12489
683,17484.6
684,7493.4
685,4995.6
686,7493.4
687,19982.4
688,17484.6
689,2497.8
690,32471.4
691,19982.4
692,4995.6
693,14986.8
694,17484.6
695,14986.8
696,19982.4
697,7493.4
698,7493.4
699,4995.6
700,19982.4
701,17484.6
702,27475.8
703,9991.2
704,2497.8
705,4995.6
706,7493.4
707,0
708,9991.2
709,4995.6
710,9991.2
711,7493.4
712,7493.4
713,19982.4
714,27475.8
715,12489
716,7493.4
717,17484.6
718,7493.4
719,7493.4
720,19982.4
721,19982.4
722,7493.4
723,17484.6
724,17484.6
725,9991.2
726,4995.6
727,14986.8
728,19982.4
729,7493.4
730,9991.2
731,17484.6
732,7493.4
733,2497.8
734,7493.4
735,14986.8
736,17484.6
737,7493.4
738,39964.8
739,9991.2
740,7493.4
741,12489
742,7493.4
743,22480.2
744,14986.8
745,12489
746,9991.2
747,9991.2
748,4995.6
749,9991.2
750,2497.8
751,12489
752,12489
753,7493.4
754,12489
755,7493.4
756,7493.4
757,7493.4
758,0
759,12489
760,7493.4
761,17484.6
762,7493.4
763,9991.2
764,14986.8
765,14986.8
766,9991.2
767,9991.2
768,9991.2
769,0
770,12489
771,22480.2
772,2497.8
773,19982.4
774,22480.2
775,7493.4
776,2497.8
777,4995.6
778,19982.4
779,4995.6
780,27475.8
781,12489
782,14986.8
783,9991.2
784,12489
785,27475.8
786,2497.8
787,4995.6
788,14986.8
789,2497.8
790,12489
791,27475.8
792,4995.6
793,12489
794,22480.2
795,7493.4
796,12489
797,7493.4
798,4995.6
799,9991.2
800,4995.6
801,19982.4
802,7493.4
803,4995.6
804,9991.2
805,19982.4
806,14986.8
807,12489
808,12489
809,12489
810,19982.4
811,17484.6
812,19982.4
813,19982.4
814,12489
815,14986.8
816,12489
817,19982.4
818,14986.8
819,39964.8
820,0
821,14986.8
822,22480.2
823,9991.2
824,9991.2
825,14986.8
826,37467
827,2497.8
828,9991.2
829,19982.4
830,7493.4
831,7493.4
832,4995.6
833,7493.4
834,12489
835,19982.4
836,9991.2
837,17484.6
838,39964.8
839,12489
840,27475.8
841,2497.8
842,12489
843,27475.8
844,7493.4
845,9991.2
846,7493.4
847,2497.8
848,14986.8
849,9991.2
850,4995.6
851,29973.6
852,17484.6
853,9991.2
854,4995.6
855,14986.8
856,9991.2
857,7493.4
858,22480.2
859,24978
860,2497.8
861,14986.8
862,9991.2
863,9991.2
864,12489
865,4995.6
866,17484.6
867,12489
868,14986.8
869,4995.6
870,27475.8
871,9991.2
872,27475.8
873,12489
874,19982.4
875,7493.4
876,2497.8
877,14986.8
878,2497.8
879,9991.2
880,7493.4
881,14986.8
882,7493.4
883,32471.4
884,4995.6
885,14986.8
886,12489
887,7493.4
888,2497.8
889,4995.6
890,4995.6
891,12489
892,14986.8
893,27475.8
894,4995.6
895,2497.8
896,7493.4
897,9991.2
898,22480.2
899,7493.4
900,14986.8
901,7493.4
902,19982.4
903,14986.8
904,14986.8
905,4995.6
906,9991.2
907,14986.8
908,12489
909,9991.2
910,12489
911,19982.4
912,14986.8
913,19982.4
914,9991.2
915,2497.8
916,0
917,12489
918,17484.6
919,2497.8
920,9991.2
921,19982.4
922,4995.6
923,22480.2
924,17484.6
925,12489
926,14986.8
927,9991.2
928,24978
929,7493.4
930,4995.6
931,12489
932,17484.6
933,9991.2
934,7493.4
935,14986.8
936,2497.8
937,9991.2
938,12489
939,27475.8
940,0
941,9991.2
942,2497.8
943,2497.8
944,12489
945,0
946,12489
947,0
948,4995.6
949,9991.2
950,9991.2
951,7493.4
952,37467
953,9991.2
954,2497.8
955,9991.2
956,2497.8
957,9991.2
958,19982.4
959,9991.2
960,2497.8
961,14986.8
962,24978
963,9991.2
964,19982.4
965,14986.8
966,12489
967,7493.4
968,9991.2
969,4995.6
970,2497.8
971,27475.8
972,2497.8
973,14986.8
974,17484.6
975,27475.8
976,17484.6
977,9991.2
978,9991.2
979,7493.4
980,4995.6
981,17484.6
982,9991.2
983,24978
984,17484.6
985,0
986,7493.4
987,12489
988,7493.4
989,7493.4
990,22480.2
991,29973.6
992,4995.6
993,4995.6
994,7493.4
995,7493.4
996,7493.4
997,12489
998,14986.8
999,24978
1000,14986.8
1001,2497.8
1002,9991.2
1003,19982.4
1004,2497.8
1005,7493.4
1006,12489
1007,2497.8
1008,7493.4
1009,0
1010,24978
1011,9991.2
1012,19982.4
1013,4995.6
1014,7493.4
1015,12489
1016,12489
1017,4995.6
1018,7493.4
1019,9991.2
1020,4995.6
1021,0
1022,17484.6
1023,22480.2
1024,27475.8
1025,7493.4
1026,4995.6
1027,17484.6
1028,9991.2
1029,4995.6
1030,12489
1031,7493.4
1032,17484.6
1033,7493.4
1034,22480.2
1035,19982.4
1036,19982.4
1037,2497.8
1038,9991.2
1039,17484.6
1040,12489
1041,14986.8
1042,2497.8
1043,14986.8
1044,9991.2
1045,12489
1046,14986.8
1047,2497.8
1048,17484.6
1049,24978
1050,17484.6
1051,7493.4
1052,0
1053,14986.8
1054,0
1055,17484.6
1056,7493.4
1057,14986.8
1058,7493.4
1059,4995.6
1060,7493.4
1061,44960.4
1062,17484.6
1063,9991.2
1064,7493.4
1065,14986.8
1066,4995.6
1067,24978
1068,2497.8
1069,12489
1070,14986.8
1071,0
1072,4995.6
1073,9991.2
1074,9991.2
1075,12489
1076,9991.2
1077,2497.8
1078,12489
1079,4995.6
1080,2497.8
1081,4995.6
1082,14986.8
1083,29973.6
1084,14986.8
1085,32471.4
1086,19982.4
1087,12489
1088,17484.6
1089,4995.6
1090,12489
1091,9991.2
1092,14986.8
1093,9991.2
1094,2497.8
1095,9991.2
1096,22480.2
1097,14986.8
1098,4995.6
1099,2497.8
1100,4995.6
1101,4995.6
1102,19982.4
1103,4995.6
1104,4995.6
1105,7493.4
1106,22480.2
1107,22480.2
1108,12489
1109,17484.6
1110,12489
1111,4995.6
1112,17484.6
1113,14986.8
1114,22480.2
1115,9991.2
1116,19982.4
1117,4995.6
1118,22480.2
1119,14986.8
1120,12489
1121,2497.8
1122,49956
1123,12489
1124,0
1125,7493.4
1126,27475.8
1127,4995.6
1128,9991.2
1129,4995.6
1130,4995.6
1131,9991.2
1132,22480.2
1133,14986.8
1134,4995.6
1135,4995.6
1136,14986.8
1137,17484.6
1138,14986.8
1139,24978
1140,29973.6
1141,14986.8
1142,9991.2
1143,37467
1144,19982.4
1145,7493.4
1146,7493.4
1147,4995.6
1148,17484.6
1149,24978
1150,4995.6
1151,22480.2
1152,24978
1153,2497.8
1154,12489
1155,29973.6
1156,4995.6
1157,17484.6
1158,7493.4
1159,17484.6
1160,9991.2
1161,4995.6
1162,24978
1163,2497.8
1164,12489
1165,9991.2
1166,14986.8
1167,12489
1168,0
1169,7493.4
1170,7493.4
1171,12489
1172,12489
1173,9991.2
1174,17484.6
1175,17484.6
1176,7493.4
1177,29973.6
1178,34969.2
1179,14986.8
1180,4995.6
1181,17484.6
1182,17484.6
1183,4995.6
1184,2497.8
1185,9991.2
1186,14986.8
1187,12489
1188,9991.2
1189,9991.2
1190,29973.6
1191,9991.2
1192,2497.8
1193,19982.4
1194,2497.8
1195,9991.2
1196,12489
1197,14986.8
1198,17484.6
1199,14986.8
1200,7493.4
1201,2497.8
1202,9991.2
1203,14986.8
1204,9991.2
1205,9991.2
1206,17484.6
1207,12489
1208,19982.4
1209,42462.6
1210,14986.8
1211,4995.6
1212,39964.8
1213,19982.4
1214,9991.2
1215,22480.2
1216,27475.8
1217,9991.2
1218,34969.2
1219,4995.6
1220,7493.4
1221,2497.8
1222,17484.6
1223,22480.2
1224,22480.2
1225,22480.2
1226,9991.2
1227,9991.2
1228,2497.8
1229,2497.8
1230,24978
1231,2497.8
1232,14986.8
1233,12489
1234,0
1235,4995.6
1236,2497.8
1237,34969.2
1238,9991.2
1239,9991.2
1240,9991.2
1241,2497.8
1242,22480.2
1243,34969.2
1244,32471.4
1245,2497.8
1246,2497.8
1247,9991.2
1248,29973.6
1249,14986.8
1250,19982.4
1251,24978
1252,17484.6
1253,12489
1254,9991.2
1255,12489
1256,7493.4
1257,17484.6
1258,17484.6
1259,19982.4
1260,9991.2
1261,19982.4
1262,4995.6
1263,7493.4
1264,14986.8
1265,4995.6
1266,7493.4
1267,14986.8
1268,4995.6
1269,2497.8
1270,0
1271,2497.8
1272,2497.8
1273,24978
1274,17484.6
1275,7493.4
1276,14986.8
1277,7493.4
1278,7493.4
1279,19982.4
1280,12489
1281,9991.2
1282,12489
1283,14986.8
1284,4995.6
1285,12489
1286,14986.8
1287,2497.8
1288,27475.8
1289,9991.2
1290,17484.6
1291,7493.4
1292,14986.8
1293,19982.4
1294,9991.2
1295,14986.8
1296,17484.6
1297,17484.6
1298,19982.4
1299,7493.4
1300,9991.2
1301,7493.4
1302,7493.4
1303,7493.4
1304,27475.8
1305,14986.8
1306,4995.6
1307,0
1308,2497.8
1309,4995.6
1310,7493.4
1311,9991.2
1312,22480.2
1313,9991.2
1314,12489
1315,17484.6
1316,12489
1317,4995.6
1318,29973.6
1319,17484.6
1320,7493.4
1321,0
1322,7493.4
1323,12489
1324,4995.6
1325,14986.8
1326,9991.2
1327,4995.6
1328,12489
1329,27475.8
1330,4995.6
1331,17484.6
1332,9991.2
1333,17484.6
1334,12489
1335,7493.4
1336,32471.4
1337,14986.8
1338,14986.8
1339,2497.8
1340,12489
1341,14986.8
1342,22480.2
1343,7493.4
1344,12489
1345,7493.4
1346,12489
1347,7493.4
1348,9991.2
1349,4995.6
1350,7493.4
1351,7493.4
1352,7493.4
1353,14986.8
1354,7493.4
1355,9991.2
1356,17484.6
1357,2497.8
1358,22480.2
1359,12489
1360,7493.4
1361,9991.2
1362,9991.2
1363,12489
1364,2497.8
1365,14986.8
1366,2497.8
1367,9991.2
1368,12489
1369,22480.2
1370,17484.6
1371,7493.4
1372,7493.4
1373,12489
1374,4995.6
1375,22480.2
1376,17484.6
1377,22480.2
1378,12489
1379,17484.6
1380,14986.8
1381,12489
1382,9991.2
1383,14986.8
1384,17484.6
1385,19982.4
1386,12489
1387,14986.8
1388,9991.2
1389,24978
1390,2497.8
1391,9991.2
1392,2497.8
1393,2497.8
1394,9991.2
1395,17484.6
1396,14986.8
1397,9991.2
1398,4995.6
1399,19982.4
1400,12489
1401,2497.8
1402,9991.2
1403,4995.6
1404,17484.6
1405,29973.6
1406,0
1407,4995.6
1408,12489
1409,7493.4
1410,12489
1411,14986.8
1412,9991.2
1413,17484.6
1414,2497.8
1415,17484.6
1416,9991.2
1417,14986.8
1418,27475.8
1419,4995.6
1420,9991.2
1421,7493.4
1422,4995.6
1423,14986.8
1424,0
1425,27475.8
1426,22480.2
1427,2497.8
1428,7493.4
1429,12489
1430,2497.8
1431,17484.6
1432,24978
1433,17484.6
1434,9991.2
1435,17484.6
1436,2497.8
1437,19982.4
1438,19982.4
1439,2497.8
1440,4995.6
1441,2497.8
1442,7493.4
1443,7493.4
1444,4995.6
1445,4995.6
1446,9991.2
1447,9991.2
1448,7493.4
1449,7493.4
1450,2497.8
1451,27475.8
1452,14986.8
1453,17484.6
1454,12489
1455,4995.6
1456,17484.6
1457,14986.8
1458,17484.6
1459,9991.2
1460,7493.4
1461,7493.4
1462,0
1463,7493.4
1464,9991.2
1465,7493.4
1466,7493.4
1467,27475.8
1468,2497.8
1469,14986.8
1470,27475.8
1471,24978
1472,7493.4
1473,12489
1474,14986.8
1475,9991.2
1476,4995.6
1477,14986.8
1478,29973.6
1479,19982.4
1480,17484.6
1481,12489
1482,17484.6
1483,9991.2
1484,22480.2
1485,24978
1486,24978
1487,12489
1488,17484.6
1489,0
1490,7493.4
1491,0
1492,27475.8
1493,4995.6
1494,19982.4
1495,9991.2
1496,7493.4
1497,7493.4
1498,12489
1499,12489
1500,42462.6
1501,7493.4
1502,4995.6
1503,9991.2
1504,2497.8
1505,9991.2
1506,17484.6
1507,27475.8
1508,0
1509,4995.6
1510,19982.4
1511,9991.2
1512,17484.6
1513,9991.2
1514,7493.4
1515,7493.4
1516,24978
1517,2497.8
1518,7493.4
1519,4995.6
1520,17484.6
1521,9991.2
1522,24978
1523,9991.2
1524,29973.6
1525,2497.8
1526,14986.8
1527,2497.8
1528,29973.6
1529,14986.8
1530,12489
1531,7493.4
1532,9991.2
1533,12489
1534,24978
1535,14986.8
1536,12489
1537,14986.8
1538,7493.4
1539,22480.2
1540,14986.8
1541,2497.8
1542,17484.6
1543,9991.2
1544,2497.8
1545,24978
1546,7493.4
1547,17484.6
1548,17484.6
1549,7493.4
1550,4995.6
1551,24978
1552,7493.4
1553,17484.6
1554,24978
1555,17484.6
1556,12489
1557,19982.4
1558,4995.6
1559,4995.6
1560,22480.2
1561,27475.8
1562,12489
1563,14986.8
1564,4995.6
1565,4995.6
1566,17484.6
1567,9991.2
1568,4995.6
1569,14986.8
1570,19982.4
1571,9991.2
1572,4995.6
1573,9991.2
1574,22480.2
1575,0
1576,17484.6
1577,9991.2
1578,9991.2
1579,9991.2
1580,7493.4
1581,9991.2
1582,9991.2
1583,7493.4
1584,9991.2
1585,24978
1586,14986.8
1587,9991.2
1588,14986.8
1589,14986.8
1590,19982.4
1591,12489
1592,14986.8
1593,9991.2
1594,17484.6
1595,17484.6
1596,7493.4
1597,7493.4
1598,9991.2
1599,12489
1600,12489
1601,4995.6
1602,9991.2
1603,19982.4
1604,9991.2
1605,9991.2
1606,14986.8
1607,12489
1608,2497.8
1609,2497.8
1610,9991.2
1611,12489
1612,14986.8
1613,7493.4
1614,12489
1615,2497.8
1616,7493.4
1617,17484.6
1618,0
1619,17484.6
1620,2497.8
1621,19982.4
1622,2497.8
1623,32471.4
1624,7493.4
1625,17484.6
1626,9991.2
1627,19982.4
1628,4995.6
1629,12489
1630,7493.4
1631,24978
1632,19982.4
1633,0
1634,4995.6
1635,2497.8
1636,9991.2
1637,9991.2
1638,4995.6
1639,7493.4
1640,4995.6
1641,12489
1642,2497.8
1643,7493.4
1644,9991.2
1645,7493.4
1646,2497.8
1647,4995.6
1648,12489
1649,19982.4
1650,17484.6
1651,2497.8
1652,2497.8
1653,2497.8
1654,9991.2
1655,24978
1656,17484.6
1657,9991.2
1658,7493.4
1659,17484.6
1660,9991.2
1661,14986.8
1662,22480.2
1663,29973.6
1664,17484.6
1665,7493.4
1666,24978
1667,4995.6
1668,17484.6
1669,24978
1670,14986.8
1671,19982.4
1672,4995.6
1673,22480.2
1674,7493.4
1675,9991.2
1676,9991.2
1677,2497.8
1678,4995.6
1679,17484.6
1680,2497.8
1681,9991.2
1682,2497.8
1683,22480.2
1684,14986.8
1685,17484.6
1686,12489
1687,27475.8
1688,2497.8
1689,7493.4
1690,7493.4
1691,19982.4
1692,7493.4
1693,9991.2
1694,7493.4
1695,4995.6
1696,37467
1697,14986.8
1698,9991.2
1699,14986.8
1700,12489
1701,27475.8
1702,19982.4
1703,7493.4
1704,14986.8
1705,4995.6
1706,14986.8
1707,19982.4
1708,14986.8
1709,4995.6
1710,9991.2
1711,22480.2
1712,7493.4
1713,22480.2
1714,9991.2
1715,17484.6
1716,14986.8
1717,4995.6
1718,24978
1719,14986.8
1720,17484.6
1721,7493.4
1722,9991.2
1723,9991.2
1724,14986.8
1725,12489
1726,12489
1727,12489
1728,12489
1729,9991.2
1730,22480.2
1731,24978
1732,42462.6
1733,7493.4
1734,12489
1735,17484.6
1736,22480.2
1737,17484.6
1738,19982.4
1739,24978
1740,4995.6
1741,27475.8
1742,4995.6
1743,9991.2
1744,4995.6
1745,4995.6
1746,24978
1747,12489
1748,7493.4
1749,22480.2
1750,7493.4
1751,24978
1752,4995.6
1753,2497.8
1754,4995.6
1755,4995.6
1756,22480.2
1757,4995.6
1758,14986.8
1759,12489
1760,9991.2
1761,7493.4
1762,7493.4
1763,12489
1764,4995.6
1765,12489
1766,17484.6
1767,22480.2
1768,4995.6
1769,12489
1770,19982.4
1771,4995.6
1772,9991.2
1773,12489
1774,2497.8
1775,27475.8
1776,2497.8
1777,4995.6
1778,4995.6
1779,7493.4
1780,19982.4
1781,4995.6
1782,22480.2
1783,17484.6
1784,2497.8
1785,14986.8
1786,7493.4
1787,7493.4
1788,17484.6
1789,2497.8
1790,4995.6
1791,7493.4
1792,4995.6
1793,9991.2
1794,12489
1795,34969.2
1796,4995.6
1797,14986.8
1798,4995.6
1799,2497.8
1800,17484.6
1801,4995.6
1802,32471.4
1803,7493.4
1804,12489
1805,14986.8
1806,9991.2
1807,4995.6
1808,12489
1809,9991.2
1810,24978
1811,4995.6
1812,14986.8
1813,12489
1814,12489
1815,2497.8
1816,4995.6
1817,2497.8
1818,4995.6
1819,24978
1820,24978
1821,7493.4
1822,4995.6
1823,14986.8
1824,12489
1825,4995.6
1826,14986.8
1827,14986.8
1828,17484.6
1829,2497.8
1830,14986.8
1831,27475.8
1832,4995.6
1833,22480.2
1834,4995.6
1835,9991.2
1836,17484.6
1837,9991.2
1838,24978
1839,2497.8
1840,4995.6
1841,14986.8
1842,32471.4
1843,7493.4
1844,4995.6
1845,17484.6
1846,2497.8
1847,12489
1848,24978
1849,12489
1850,9991.2
1851,12489
1852,9991.2
1853,14986.8
1854,0
1855,27475.8
1856,7493.4
1857,4995.6
1858,4995.6
1859,14986.8
1860,4995.6
1861,14986.8
1862,29973.6
1863,14986.8
1864,4995.6
1865,7493.4
1866,9991.2
1867,9991.2
1868,4995.6
1869,14986.8
1870,7493.4
1871,17484.6
1872,37467
1873,7493.4
1874,2497.8
1875,12489
1876,17484.6
1877,9991.2
1878,7493.4
1879,29973.6
1880,9991.2
1881,4995.6
1882,4995.6
1883,14986.8
1884,9991.2
1885,17484.6
1886,9991.2
1887,4995.6
1888,12489
1889,24978
1890,4995.6
1891,2497.8
1892,2497.8
1893,2497.8
1894,9991.2
1895,12489
1896,4995.6
1897,2497.8
1898,14986.8
1899,27475.8
1900,0
1901,19982.4
1902,12489
1903,14986.8
1904,9991.2
1905,14986.8
1906,2497.8
1907,12489
1908,14986.8
1909,4995.6
1910,9991.2
1911,7493.4
1912,19982.4
1913,12489
1914,9991.2
1915,9991.2
1916,17484.6
1917,22480.2
1918,4995.6
1919,22480.2
1920,22480.2
1921,24978
1922,7493.4
1923,9991.2
1924,29973.6
1925,19982.4
1926,12489
1927,22480.2
1928,19982.4
1929,14986.8
1930,14986.8
1931,9991.2
1932,2497.8
1933,27475.8
1934,9991.2
1935,4995.6
1936,12489
1937,4995.6
1938,12489
1939,17484.6
1940,12489
1941,7493.4
1942,9991.2
1943,29973.6
1944,7493.4
1945,7493.4
1946,9991.2
1947,4995.6
1948,4995.6
1949,34969.2
1950,12489
1951,12489
1952,12489
1953,7493.4
1954,19982.4
1955,7493.4
1956,9991.2
1957,12489
1958,7493.4
1959,12489
1960,7493.4
1961,14986.8
1962,7493.4
1963,7493.4
1964,12489
1965,27475.8
1966,12489
1967,19982.4
1968,7493.4
1969,9991.2
1970,9991.2
1971,27475.8
1972,34969.2
1973,19982.4
1974,14986.8
1975,4995.6
1976,9991.2
1977,24978
1978,19982.4
1979,7493.4
1980,9991.2
1981,17484.6
1982,7493.4
1983,22480.2
1984,4995.6
1985,14986.8
1986,2497.8
1987,12489
1988,22480.2
1989,4995.6
1990,7493.4
1991,14986.8
1992,2497.8
1993,22480.2
1994,17484.6
1995,12489
1996,37467
1997,4995.6
1998,4995.6
1999,7493.4
2000,0
2001,29973.6
2002,22480.2
2003,7493.4
2004,9991.2
2005,14986.8
2006,9991.2
2007,19982.4
2008,17484.6
2009,19982.4
2010,17484.6
2011,0
2012,4995.6
2013,7493.4
2014,9991.2
2015,19982.4
2016,7493.4
2017,7493.4
2018,17484.6
2019,9991.2
2020,14986.8
2021,12489
2022,24978
2023,4995.6
2024,22480.2
2025,7493.4
2026,12489
2027,4995.6
2028,7493.4
2029,7493.4
2030,12489
2031,14986.8
2032,7493.4
2033,7493.4
2034,9991.2
2035,24978
2036,12489
2037,19982.4
2038,17484.6
2039,17484.6
2040,14986.8
2041,17484.6
2042,7493.4
2043,17484.6
2044,29973.6
2045,14986.8
2046,0
2047,2497.8
2048,7493.4
2049,7493.4
2050,7493.4
2051,9991.2
2052,2497.8
2053,24978
2054,24978
2055,4995.6
2056,2497.8
2057,29973.6
2058,2497.8
2059,9991.2
2060,9991.2
2061,7493.4
2062,22480.2
2063,14986.8
2064,14986.8
2065,4995.6
2066,2497.8
2067,14986.8
2068,27475.8
2069,9991.2
2070,4995.6
2071,24978
2072,2497.8
2073,19982.4
2074,0
2075,17484.6
2076,14986.8
2077,4995.6
2078,9991.2
2079,9991.2
2080,7493.4
2081,17484.6
2082,14986.8
2083,22480.2
2084,0
2085,9991.2
2086,14986.8
2087,12489
2088,4995.6
2089,9991.2
2090,17484.6
2091,22480.2
2092,7493.4
2093,9991.2
2094,24978
2095,4995.6
2096,9991.2
2097,7493.4
2098,7493.4
2099,9991.2
2100,19982.4
2101,12489
2102,17484.6
2103,19982.4
2104,17484.6
2105,12489
2106,12489
2107,17484.6
2108,12489
2109,14986.8
2110,0
2111,29973.6
2112,9991.2
2113,17484.6
2114,12489
2115,12489
2116,4995.6
2117,7493.4
2118,4995.6
2119,2497.8
2120,12489
2121,7493.4
2122,2497.8
2123,14986.8
2124,9991.2
2125,4995.6
2126,14986.8
2127,12489
2128,27475.8
2129,4995.6
2130,7493.4
2131,14986.8
2132,22480.2
2133,22480.2
2134,9991.2
2135,32471.4
2136,19982.4
2137,12489
2138,7493.4
2139,12489
2140,7493.4
2141,24978
2142,14986.8
2143,7493.4
2144,22480.2
2145,19982.4
2146,7493.4
2147,24978
2148,4995.6
2149,12489
2150,22480.2
2151,17484.6
2152,34969.2
2153,17484.6
2154,19982.4
2155,17484.6
2156,12489
2157,7493.4
2158,4995.6
2159,7493.4
2160,14986.8
2161,34969.2
2162,2497.8
2163,17484.6
2164,7493.4
2165,7493.4
2166,12489
2167,2497.8
2168,17484.6
2169,12489
2170,7493.4
2171,14986.8
2172,14986.8
2173,14986.8
2174,9991.2
2175,29973.6
2176,12489
2177,2497.8
2178,22480.2
2179,7493.4
2180,4995.6
2181,7493.4
2182,14986.8
2183,12489
2184,7493.4
2185,4995.6
2186,7493.4
2187,4995.6
2188,24978
2189,2497.8
2190,7493.4
2191,12489
2192,7493.4
2193,22480.2
2194,14986.8
2195,2497.8
2196,9991.2
2197,12489
2198,0
2199,2497.8
2200,34969.2
2201,14986.8
2202,7493.4
2203,17484.6
2204,4995.6
2205,14986.8
2206,4995.6
2207,7493.4
2208,4995.6
2209,7493.4
2210,7493.4
2211,14986.8
2212,4995.6
2213,12489
2214,9991.2
2215,22480.2
2216,4995.6
2217,14986.8
2218,2497.8
2219,2497.8
2220,9991.2
2221,29973.6
2222,7493.4
2223,12489
2224,4995.6
2225,4995.6
2226,14986.8
2227,4995.6
2228,7493.4
2229,19982.4
2230,19982.4
2231,4995.6
2232,12489
2233,19982.4
2234,12489
2235,4995.6
2236,2497.8
2237,4995.6
2238,17484.6
2239,4995.6
2240,2497.8
2241,22480.2
2242,4995.6
2243,7493.4
2244,12489
2245,9991.2
2246,9991.2
2247,7493.4
2248,4995.6
2249,12489
2250,9991.2
2251,7493.4
2252,4995.6
2253,0
2254,4995.6
2255,4995.6
2256,19982.4
2257,2497.8
2258,7493.4
2259,0
2260,9991.2
2261,7493.4
2262,14986.8
2263,12489
2264,12489
2265,4995.6
2266,14986.8
2267,12489
2268,7493.4
2269,12489
2270,7493.4
2271,12489
2272,9991.2
2273,9991.2
2274,7493.4
2275,14986.8
2276,9991.2
2277,12489
2278,7493.4
2279,9991.2
2280,2497.8
2281,14986.8
2282,9991.2
2283,19982.4
2284,12489
2285,4995.6
2286,12489
2287,2497.8
2288,12489
2289,2497.8
2290,9991.2
2291,19982.4
2292,9991.2
2293,7493.4
2294,19982.4
2295,12489
2296,4995.6
2297,24978
2298,14986.8
2299,9991.2
2300,2497.8
2301,4995.6
2302,4995.6
2303,9991.2
2304,27475.8
2305,7493.4
2306,7493.4
2307,9991.2
2308,14986.8
2309,12489
2310,4995.6
2311,7493.4
2312,12489
2313,2497.8
2314,12489
2315,12489
2316,2497.8
2317,7493.4
2318,9991.2
2319,7493.4
2320,17484.6
2321,4995.6
2322,12489
2323,27475.8
2324,7493.4
2325,7493.4
2326,0
2327,22480.2
2328,14986.8
2329,12489
2330,9991.2
2331,7493.4
2332,7493.4
2333,22480.2
2334,14986.8
2335,7493.4
2336,7493.4
2337,17484.6
2338,17484.6
2339,7493.4
2340,7493.4
2341,12489
2342,22480.2
2343,9991.2
2344,29973.6
2345,4995.6
2346,7493.4
2347,9991.2
2348,4995.6
2349,17484.6
2350,22480.2
2351,39964.8
2352,7493.4
2353,2497.8
2354,12489
2355,2497.8
2356,29973.6
2357,4995.6
2358,9991.2
2359,7493.4
2360,37467
2361,9991.2
2362,12489
2363,7493.4
2364,2497.8
2365,12489
2366,12489
2367,17484.6
2368,17484.6
2369,2497.8
2370,7493.4
2371,2497.8
2372,9991.2
2373,12489
2374,9991.2
2375,4995.6
2376,7493.4
2377,12489
2378,7493.4
2379,4995.6
2380,14986.8
2381,4995.6
2382,9991.2
2383,17484.6
2384,4995.6
2385,14986.8
2386,17484.6
2387,14986.8
2388,7493.4
2389,9991.2
2390,7493.4
2391,12489
2392,12489
2393,9991.2
2394,2497.8
2395,19982.4
2396,7493.4
2397,29973.6
2398,14986.8
2399,4995.6
2400,19982.4
2401,19982.4
2402,17484.6
2403,17484.6
2404,19982.4
2405,2497.8
2406,9991.2
2407,4995.6
2408,4995.6
2409,12489
2410,2497.8
2411,29973.6
2412,12489
2413,7493.4
2414,0
2415,14986.8
2416,9991.2
2417,24978
2418,2497.8
2419,12489
2420,12489
2421,17484.6
2422,12489
2423,9991.2
2424,12489
2425,19982.4
2426,7493.4
2427,9991.2
2428,17484.6
2429,0
2430,17484.6
2431,2497.8
2432,24978
2433,12489
2434,7493.4
2435,19982.4
2436,4995.6
2437,12489
2438,19982.4
2439,12489
2440,12489
2441,9991.2
2442,4995.6
2443,24978
2444,14986.8
2445,14986.8
2446,29973.6
2447,12489
2448,9991.2
2449,12489
2450,32471.4
2451,29973.6
2452,7493.4
2453,12489
2454,9991.2
2455,9991.2
2456,2497.8
2457,9991.2
2458,7493.4
2459,9991.2
2460,7493.4
2461,2497.8
2462,22480.2
2463,7493.4
2464,7493.4
2465,7493.4
2466,7493.4
2467,4995.6
2468,4995.6
2469,7493.4
2470,22480.2
2471,12489
2472,22480.2
2473,12489
2474,7493.4
2475,14986.8
2476,7493.4
2477,14986.8
2478,7493.4
2479,9991.2
2480,12489
2481,24978
2482,12489
2483,17484.6
2484,7493.4
2485,17484.6
2486,12489
2487,32471.4
2488,4995.6
2489,9991.2
2490,12489
2491,2497.8
2492,9991.2
2493,2497.8
2494,4995.6
2495,19982.4
2496,12489
2497,7493.4
2498,17484.6
2499,9991.2
2500,7493.4
2501,17484.6
2502,9991.2
2503,17484.6
2504,7493.4
2505,19982.4
2506,9991.2
2507,0
2508,9991.2
2509,4995.6
2510,24978
2511,17484.6
2512,17484.6
2513,7493.4
2514,19982.4
2515,7493.4
2516,7493.4
2517,9991.2
2518,4995.6
2519,22480.2
2520,9991.2
2521,22480.2
2522,7493.4
2523,14986.8
2524,29973.6
2525,7493.4
2526,7493.4
2527,9991.2
2528,14986.8
2529,24978
2530,9991.2
2531,4995.6
2532,4995.6
2533,29973.6
2534,9991.2
2535,12489
2536,2497.8
2537,7493.4
2538,2497.8
2539,7493.4
2540,14986.8
2541,12489
2542,27475.8
2543,22480.2
2544,14986.8
2545,9991.2
2546,19982.4
2547,12489
2548,32471.4
2549,4995.6
2550,22480.2
2551,9991.2
2552,24978
2553,9991.2
2554,7493.4
2555,9991.2
2556,4995.6
2557,17484.6
2558,0
2559,12489
2560,27475.8
2561,42462.6
2562,12489
2563,24978
2564,4995.6
2565,2497.8
2566,17484.6
2567,7493.4
2568,4995.6
2569,7493.4
2570,22480.2
2571,24978
2572,19982.4
2573,2497.8
2574,4995.6
2575,14986.8
2576,9991.2
2577,9991.2
2578,34969.2
2579,7493.4
2580,2497.8
2581,14986.8
2582,9991.2
2583,12489
2584,14986.8
2585,17484.6
2586,4995.6
2587,12489
2588,17484.6
2589,4995.6
2590,14986.8
2591,14986.8
2592,9991.2
2593,7493.4
2594,27475.8
2595,19982.4
2596,12489
2597,4995.6
2598,19982.4
2599,29973.6
2600,9991.2
2601,12489
2602,4995.6
2603,7493.4
2604,17484.6
2605,22480.2
2606,27475.8
2607,7493.4
2608,4995.6
2609,14986.8
2610,12489
2611,0
2612,2497.8
2613,12489
2614,4995.6
2615,14986.8
2616,4995.6
2617,2497.8
2618,19982.4
2619,7493.4
2620,24978
2621,0
2622,14986.8
2623,7493.4
2624,7493.4
2625,14986.8
2626,7493.4
2627,19982.4
2628,9991.2
2629,7493.4
2630,4995.6
2631,14986.8
2632,7493.4
2633,9991.2
2634,4995.6
2635,4995.6
2636,2497.8
2637,2497.8
2638,9991.2
2639,2497.8
2640,17484.6
2641,7493.4
2642,17484.6
2643,7493.4
2644,14986.8
2645,12489
2646,9991.2
2647,14986.8
2648,2497.8
2649,4995.6
2650,2497.8
2651,2497.8
2652,14986.8
2653,17484.6
2654,0
2655,9991.2
2656,12489
2657,7493.4
2658,12489
2659,9991.2
2660,7493.4
2661,27475.8
2662,9991.2
2663,12489
2664,0
2665,12489
2666,4995.6
2667,9991.2
2668,14986.8
2669,4995.6
2670,24978
2671,0
2672,17484.6
2673,4995.6
2674,22480.2
2675,7493.4
2676,17484.6
2677,2497.8
2678,29973.6
2679,12489
2680,9991.2
2681,7493.4
2682,2497.8
2683,12489
2684,2497.8
2685,9991.2
2686,4995.6
2687,7493.4
2688,7493.4
2689,7493.4
2690,2497.8
2691,9991.2
2692,34969.2
2693,19982.4
2694,17484.6
2695,4995.6
2696,7493.4
2697,7493.4
2698,17484.6
2699,4995.6
2700,9991.2
2701,24978
2702,49956
2703,39964.8
2704,4995.6
2705,22480.2
2706,19982.4
2707,12489
2708,14986.8
2709,12489
2710,4995.6
2711,24978
2712,12489
2713,2497.8
2714,19982.4
2715,9991.2
2716,12489
2717,17484.6
2718,9991.2
2719,17484.6
2720,2497.8
2721,27475.8
2722,9991.2
2723,9991.2
2724,2497.8
2725,22480.2
2726,7493.4
2727,7493.4
2728,7493.4
2729,4995.6
2730,12489
2731,12489
2732,52453.8
2733,14986.8
2734,2497.8
2735,7493.4
2736,0
2737,9991.2
2738,9991.2
2739,4995.6
2740,12489
2741,17484.6
2742,19982.4
2743,29973.6
2744,12489
2745,14986.8
2746,0
2747,9991.2
2748,2497.8
2749,4995.6
2750,12489
2751,14986.8
2752,12489
2753,24978
2754,7493.4
2755,14986.8
2756,12489
2757,9991.2
2758,4995.6
2759,22480.2
2760,12489
2761,19982.4
2762,9991.2
2763,12489
2764,4995.6
2765,17484.6
2766,7493.4
2767,2497.8
2768,9991.2
2769,9991.2
2770,4995.6
2771,22480.2
2772,14986.8
2773,2497.8
2774,12489
2775,14986.8
2776,9991.2
2777,14986.8
2778,14986.8
2779,19982.4
2780,4995.6
2781,7493.4
2782,22480.2
2783,2497.8
2784,12489
2785,9991.2
2786,14986.8
2787,17484.6
2788,12489
2789,9991.2
2790,4995.6
2791,2497.8
2792,17484.6
2793,9991.2
2794,12489
2795,2497.8
2796,9991.2
2797,7493.4
2798,29973.6
2799,9991.2
2800,7493.4
2801,2497.8
2802,24978
2803,17484.6
2804,4995.6
2805,9991.2
2806,19982.4
2807,0
2808,7493.4
2809,17484.6
2810,12489
2811,14986.8
2812,17484.6
2813,9991.2
2814,14986.8
2815,7493.4
2816,12489
2817,9991.2
2818,9991.2
2819,12489
2820,14986.8
2821,14986.8
2822,9991.2
2823,4995.6
2824,9991.2
2825,37467
2826,19982.4
2827,24978
2828,12489
2829,9991.2
2830,14986.8
2831,12489
2832,2497.8
2833,12489
2834,14986.8
2835,12489
2836,2497.8
2837,9991.2
2838,19982.4
2839,9991.2
2840,9991.2
2841,2497.8
2842,7493.4
2843,27475.8
2844,17484.6
2845,9991.2
2846,2497.8
2847,7493.4
2848,9991.2
2849,4995.6
2850,12489
2851,24978
2852,4995.6
2853,7493.4
2854,12489
2855,7493.4
2856,4995.6
2857,9991.2
2858,7493.4
2859,12489
2860,17484.6
2861,34969.2
2862,14986.8
2863,7493.4
2864,19982.4
2865,19982.4
2866,22480.2
2867,27475.8
2868,14986.8
2869,22480.2
2870,7493.4
2871,17484.6
2872,4995.6
2873,24978
2874,17484.6
2875,12489
2876,4995.6
2877,9991.2
2878,7493.4
2879,22480.2
2880,24978
2881,17484.6
2882,7493.4
2883,14986.8
2884,24978
2885,12489
2886,12489
2887,19982.4
2888,24978
2889,12489
2890,4995.6
2891,12489
2892,32471.4
2893,14986.8
2894,32471.4
2895,2497.8
2896,12489
2897,7493.4
2898,2497.8
2899,4995.6
2900,9991.2
2901,14986.8
2902,22480.2
2903,22480.2
2904,32471.4
2905,9991.2
2906,0
2907,22480.2
2908,2497.8
2909,24978
2910,12489
2911,9991.2
2912,17484.6
2913,17484.6
2914,9991.2
2915,14986.8
2916,9991.2
2917,27475.8
2918,7493.4
2919,27475.8
2920,9991.2
2921,4995.6
2922,14986.8
2923,7493.4
2924,17484.6
2925,17484.6
2926,14986.8
2927,12489
2928,14986.8
2929,4995.6
2930,14986.8
2931,22480.2
2932,34969.2
2933,19982.4
2934,22480.2
2935,17484.6
2936,2497.8
2937,7493.4
2938,4995.6
2939,14986.8
2940,7493.4
2941,22480.2
2942,12489
2943,4995.6
2944,17484.6
2945,12489
2946,7493.4
2947,4995.6
2948,12489
2949,12489
2950,24978
2951,9991.2
2952,4995.6
2953,14986.8
2954,29973.6
2955,0
2956,12489
2957,7493.4
2958,7493.4
2959,2497.8
2960,2497.8
2961,2497.8
2962,9991.2
2963,9991.2
2964,14986.8
2965,32471.4
2966,9991.2
2967,4995.6
2968,7493.4
2969,22480.2
2970,12489
2971,9991.2
2972,4995.6
2973,9991.2
2974,29973.6
2975,4995.6
2976,19982.4
2977,22480.2
2978,24978
2979,9991.2
2980,12489
2981,4995.6
2982,29973.6
2983,2497.8
2984,7493.4
2985,27475.8
2986,12489
2987,17484.6
2988,7493.4
2989,22480.2
2990,14986.8
2991,0
2992,32471.4
2993,4995.6
2994,4995.6
2995,12489
2996,9991.2
2997,4995.6
2998,7493.4
2999,9991.2
3000,9991.2
3001,9991.2
3002,4995.6
3003,9991.2
3004,9991.2
3005,7493.4
3006,7493.4
3007,9991.2
3008,4995.6
3009,14986.8
3010,17484.6
3011,12489
3012,14986.8
3013,17484.6
3014,7493.4
3015,2497.8
3016,9991.2
3017,12489
3018,27475.8
3019,7493.4
3020,12489
3021,14986.8
3022,7493.4
3023,19982.4
3024,12489
3025,7493.4
3026,9991.2
3027,12489
3028,12489
3029,7493.4
3030,7493.4
3031,2497.8
3032,12489
3033,22480.2
3034,7493.4
3035,27475.8
3036,7493.4
3037,4995.6
3038,19982.4
3039,12489
3040,4995.6
3041,14986.8
3042,4995.6
3043,27475.8
3044,12489
3045,22480.2
3046,29973.6
3047,9991.2
3048,9991.2
3049,17484.6
3050,9991.2
3051,29973.6
3052,9991.2
3053,2497.8
3054,4995.6
3055,32471.4
3056,4995.6
3057,22480.2
3058,9991.2
3059,22480.2
3060,2497.8
3061,27475.8
3062,9991.2
3063,12489
3064,12489
3065,12489
3066,2497.8
3067,9991.2
3068,4995.6
3069,14986.8
3070,17484.6
3071,7493.4
3072,14986.8
3073,9991.2
3074,7493.4
3075,7493.4
3076,14986.8
3077,9991.2
3078,9991.2
3079,17484.6
3080,9991.2
3081,2497.8
3082,9991.2
3083,14986.8
3084,4995.6
3085,9991.2
3086,17484.6
3087,4995.6
3088,17484.6
3089,9991.2
3090,4995.6
3091,0
3092,4995.6
3093,9991.2
3094,12489
3095,2497.8
3096,9991.2
3097,22480.2
3098,22480.2
3099,9991.2
3100,14986.8
3101,12489
3102,9991.2
3103,2497.8
3104,19982.4
3105,12489
3106,14986.8
3107,12489
3108,12489
3109,17484.6
3110,17484.6
3111,14986.8
3112,14986.8
3113,2497.8
3114,27475.8
3115,27475.8
3116,4995.6
3117,0
3118,12489
3119,7493.4
3120,12489
3121,7493.4
3122,9991.2
3123,17484.6
3124,14986.8
3125,17484.6
3126,7493.4
3127,24978
3128,9991.2
3129,12489
3130,19982.4
3131,9991.2
3132,9991.2
3133,4995.6
3134,24978
3135,27475.8
3136,9991.2
3137,7493.4
3138,12489
3139,4995.6
3140,17484.6
3141,0
3142,22480.2
3143,2497.8
3144,34969.2
3145,14986.8
3146,22480.2
3147,12489
3148,2497.8
3149,7493.4
3150,2497.8
3151,14986.8
3152,4995.6
3153,12489
3154,9991.2
3155,4995.6
3156,44960.4
3157,4995.6
3158,7493.4
3159,9991.2
3160,22480.2
3161,7493.4
3162,0
3163,27475.8
3164,27475.8
3165,4995.6
3166,7493.4
3167,4995.6
3168,14986.8
3169,7493.4
3170,19982.4
3171,9991.2
3172,12489
3173,22480.2
3174,12489
3175,9991.2
3176,24978
3177,12489
3178,14986.8
3179,12489
3180,7493.4
3181,17484.6
3182,9991.2
3183,14986.8
3184,7493.4
3185,4995.6
3186,14986.8
3187,19982.4
3188,2497.8
3189,27475.8
3190,19982.4
3191,7493.4
3192,9991.2
3193,19982.4
3194,9991.2
3195,9991.2
3196,14986.8
3197,34969.2
3198,19982.4
3199,14986.8
3200,9991.2
3201,0
3202,12489
3203,17484.6
3204,4995.6
3205,7493.4
3206,9991.2
3207,14986.8
3208,17484.6
3209,0
3210,14986.8
3211,12489
3212,7493.4
3213,9991.2
3214,44960.4
3215,7493.4
3216,9991.2
3217,17484.6
3218,9991.2
3219,12489
3220,9991.2
3221,12489
3222,37467
3223,9991.2
3224,2497.8
3225,9991.2
3226,7493.4
3227,27475.8
3228,9991.2
3229,7493.4
3230,0
3231,19982.4
3232,27475.8
3233,4995.6
3234,9991.2
3235,19982.4
3236,2497.8
3237,17484.6
3238,17484.6
3239,14986.8
3240,9991.2
3241,12489
3242,17484.6
3243,12489
3244,2497.8
3245,24978
3246,17484.6
3247,9991.2
3248,9991.2
3249,22480.2
3250,14986.8
3251,19982.4
3252,7493.4
3253,12489
3254,17484.6
3255,12489
3256,0
3257,4995.6
3258,22480.2
3259,7493.4
3260,12489
3261,19982.4
3262,7493.4
3263,12489
3264,17484.6
3265,7493.4
3266,19982.4
3267,7493.4
3268,17484.6
3269,9991.2
3270,7493.4
3271,2497.8
3272,12489
3273,0
3274,9991.2
3275,14986.8
3276,9991.2
3277,7493.4
3278,7493.4
3279,19982.4
3280,19982.4
3281,9991.2
3282,0
3283,4995.6
3284,9991.2
3285,9991.2
3286,12489
3287,4995.6
3288,12489
3289,14986.8
3290,27475.8
3291,24978
3292,12489
3293,12489
3294,19982.4
3295,2497.8
3296,9991.2
3297,0
3298,14986.8
3299,7493.4
3300,4995.6
3301,19982.4
3302,17484.6
3303,9991.2
3304,17484.6
3305,2497.8
3306,12489
3307,7493.4
3308,7493.4
3309,4995.6
3310,17484.6
3311,7493.4
3312,14986.8
3313,9991.2
3314,4995.6
3315,0
3316,9991.2
3317,7493.4
3318,7493.4
3319,4995.6
3320,14986.8
3321,12489
3322,9991.2
3323,17484.6
3324,14986.8
3325,4995.6
3326,9991.2
3327,7493.4
3328,14986.8
3329,4995.6
3330,9991.2
3331,7493.4
3332,7493.4
3333,27475.8
3334,0
3335,19982.4
3336,9991.2
3337,39964.8
3338,29973.6
3339,17484.6
3340,14986.8
3341,9991.2
3342,14986.8
3343,2497.8
3344,29973.6
3345,7493.4
3346,2497.8
3347,24978
3348,9991.2
3349,9991.2
3350,9991.2
3351,14986.8
3352,12489
3353,12489
3354,4995.6
3355,9991.2
3356,4995.6
3357,4995.6
3358,7493.4
3359,4995.6
3360,7493.4
3361,9991.2
3362,2497.8
3363,2497.8
3364,14986.8
3365,4995.6
3366,19982.4
3367,4995.6
3368,4995.6
3369,17484.6
3370,12489
3371,2497.8
3372,2497.8
3373,9991.2
3374,14986.8
3375,7493.4
3376,29973.6
3377,2497.8
3378,22480.2
3379,4995.6
3380,14986.8
3381,24978
3382,9991.2
3383,17484.6
3384,14986.8
3385,12489
3386,39964.8
3387,7493.4
3388,9991.2
3389,9991.2
3390,17484.6
3391,7493.4
3392,4995.6
3393,14986.8
3394,34969.2
3395,19982.4
3396,17484.6
3397,24978
3398,14986.8
3399,17484.6
3400,12489
3401,4995.6
3402,0
3403,27475.8
3404,19982.4
3405,9991.2
3406,22480.2
3407,7493.4
3408,19982.4
3409,12489
3410,19982.4
3411,24978
3412,12489
3413,32471.4
3414,24978
3415,4995.6
3416,7493.4
3417,29973.6
3418,7493.4
3419,4995.6
3420,17484.6
3421,19982.4
3422,17484.6
3423,7493.4
3424,14986.8
3425,4995.6
3426,12489
3427,4995.6
3428,14986.8
3429,19982.4
3430,29973.6
3431,14986.8
3432,7493.4
3433,2497.8
3434,22480.2
3435,12489
3436,9991.2
3437,17484.6
3438,4995.6
3439,34969.2
3440,4995.6
3441,19982.4
3442,12489
3443,4995.6
3444,22480.2
3445,0
3446,12489
3447,17484.6
3448,9991.2
3449,19982.4
3450,24978
3451,9991.2
3452,7493.4
3453,24978
3454,12489
3455,7493.4
3456,19982.4
3457,12489
3458,29973.6
3459,4995.6
3460,7493.4
3461,34969.2
3462,14986.8
3463,9991.2
3464,9991.2
3465,14986.8
3466,12489
3467,27475.8
3468,4995.6
3469,32471.4
3470,7493.4
3471,4995.6
3472,12489
3473,4995.6
3474,9991.2
3475,9991.2
3476,7493.4
3477,9991.2
3478,0
3479,7493.4
3480,7493.4
3481,19982.4
3482,12489
3483,12489
3484,12489
3485,17484.6
3486,2497.8
3487,12489
3488,9991.2
3489,14986.8
3490,4995.6
3491,27475.8
3492,14986.8
3493,12489
3494,9991.2
3495,12489
3496,17484.6
3497,14986.8
3498,14986.8
3499,12489
3500,9991.2
3501,4995.6
3502,14986.8
3503,14986.8
3504,4995.6
3505,7493.4
3506,14986.8
3507,4995.6
3508,29973.6
3509,9991.2
3510,12489
3511,7493.4
3512,4995.6
3513,17484.6
3514,4995.6
3515,9991.2
3516,4995.6
3517,7493.4
3518,9991.2
3519,2497.8
3520,9991.2
3521,4995.6
3522,17484.6
3523,17484.6
3524,4995.6
3525,12489
3526,27475.8
3527,12489
3528,4995.6
3529,17484.6
3530,12489
3531,7493.4
3532,22480.2
3533,2497.8
3534,12489
3535,17484.6
3536,4995.6
3537,19982.4
3538,9991.2
3539,17484.6
3540,7493.4
3541,7493.4
3542,19982.4
3543,24978
3544,17484.6
3545,2497.8
3546,4995.6
3547,19982.4
3548,2497.8
3549,4995.6
3550,7493.4
3551,17484.6
3552,22480.2
3553,7493.4
3554,17484.6
3555,12489
3556,7493.4
3557,24978
3558,2497.8
3559,9991.2
3560,9991.2
3561,9991.2
3562,17484.6
3563,7493.4
3564,17484.6
3565,24978
3566,27475.8
3567,4995.6
3568,22480.2
3569,7493.4
3570,24978
3571,32471.4
3572,27475.8
3573,19982.4
3574,2497.8
3575,4995.6
3576,9991.2
3577,4995.6
3578,2497.8
3579,12489
3580,14986.8
3581,0
3582,9991.2
3583,7493.4
3584,12489
3585,19982.4
3586,22480.2
3587,12489
3588,9991.2
3589,12489
3590,0
3591,12489
3592,4995.6
3593,7493.4
3594,14986.8
3595,27475.8
3596,24978
3597,2497.8
3598,0
3599,19982.4
3600,7493.4
3601,17484.6
3602,9991.2
3603,12489
3604,19982.4
3605,12489
3606,14986.8
3607,32471.4
3608,9991.2
3609,22480.2
3610,2497.8
3611,2497.8
3612,7493.4
3613,12489
3614,9991.2
3615,17484.6
3616,4995.6
3617,2497.8
3618,19982.4
3619,22480.2
3620,7493.4
3621,19982.4
3622,12489
3623,4995.6
3624,17484.6
3625,2497.8
3626,12489
3627,2497.8
3628,17484.6
3629,4995.6
3630,17484.6
3631,7493.4
3632,24978
3633,12489
3634,7493.4
3635,2497.8
3636,14986.8
3637,7493.4
3638,12489
3639,12489
3640,2497.8
3641,7493.4
3642,9991.2
3643,7493.4
3644,4995.6
3645,7493.4
3646,29973.6
3647,4995.6
3648,2497.8
3649,12489
3650,2497.8
3651,17484.6
3652,17484.6
3653,32471.4
3654,2497.8
3655,17484.6
3656,14986.8
3657,29973.6
3658,14986.8
3659,7493.4
3660,7493.4
3661,4995.6
3662,22480.2
3663,2497.8
3664,27475.8
3665,2497.8
3666,19982.4
3667,4995.6
3668,24978
3669,4995.6
3670,22480.2
3671,17484.6
3672,12489
3673,29973.6
3674,12489
3675,7493.4
3676,24978
3677,2497.8
3678,27475.8
3679,9991.2
3680,9991.2
3681,4995.6
3682,17484.6
3683,0
3684,12489
3685,12489
3686,7493.4
3687,7493.4
3688,14986.8
3689,19982.4
3690,7493.4
3691,9991.2
3692,12489
3693,7493.4
3694,9991.2
3695,22480.2
3696,12489
3697,7493.4
3698,24978
3699,4995.6
3700,22480.2
3701,2497.8
3702,12489
3703,9991.2
3704,4995.6
3705,12489
3706,4995.6
3707,14986.8
3708,19982.4
3709,12489
3710,4995.6
3711,9991.2
3712,7493.4
3713,4995.6
3714,14986.8
3715,7493.4
3716,14986.8
3717,14986.8
3718,2497.8
3719,12489
3720,9991.2
3721,9991.2
3722,12489
3723,7493.4
3724,9991.2
3725,9991.2
3726,9991.2
3727,12489
3728,17484.6
3729,7493.4
3730,4995.6
3731,4995.6
3732,2497.8
3733,14986.8
3734,9991.2
3735,12489
3736,4995.6
3737,19982.4
3738,7493.4
3739,7493.4
3740,12489
3741,17484.6
3742,9991.2
3743,17484.6
3744,4995.6
3745,17484.6
3746,4995.6
3747,14986.8
3748,7493.4
3749,4995.6
3750,34969.2
3751,2497.8
3752,9991.2
3753,12489
3754,17484.6
3755,7493.4
3756,9991.2
3757,17484.6
3758,9991.2
3759,12489
3760,12489
3761,9991.2
3762,9991.2
3763,12489
3764,7493.4
3765,4995.6
3766,9991.2
3767,4995.6
3768,7493.4
3769,7493.4
3770,14986.8
3771,12489
3772,32471.4
3773,12489
3774,7493.4
3775,4995.6
3776,19982.4
3777,19982.4
3778,9991.2
3779,17484.6
3780,7493.4
3781,4995.6
3782,14986.8
3783,7493.4
3784,4995.6
3785,4995.6
3786,17484.6
3787,0
3788,9991.2
3789,17484.6
3790,4995.6
3791,12489
3792,4995.6
3793,29973.6
3794,12489
3795,2497.8
3796,9991.2
3797,7493.4
3798,12489
3799,4995.6
3800,24978
3801,22480.2
3802,9991.2
3803,12489
3804,27475.8
3805,14986.8
3806,7493.4
3807,7493.4
3808,4995.6
3809,9991.2
3810,29973.6
3811,7493.4
3812,24978
3813,2497.8
3814,9991.2
3815,22480.2
3816,14986.8
3817,14986.8
3818,4995.6
3819,12489
3820,19982.4
3821,2497.8
3822,12489
3823,7493.4
3824,29973.6
3825,4995.6
3826,9991.2
3827,7493.4
3828,12489
3829,24978
3830,17484.6
3831,17484.6
3832,24978
3833,24978
3834,22480.2
3835,7493.4
3836,2497.8
3837,42462.6
3838,9991.2
3839,4995.6
3840,12489
3841,4995.6
3842,12489
3843,17484.6
3844,24978
3845,17484.6
3846,22480.2
3847,2497.8
3848,19982.4
3849,4995.6
3850,4995.6
3851,9991.2
3852,32471.4
3853,17484.6
3854,7493.4
3855,17484.6
3856,9991.2
3857,19982.4
3858,4995.6
3859,14986.8
3860,22480.2
3861,19982.4
3862,12489
3863,9991.2
3864,9991.2
3865,27475.8
3866,9991.2
3867,19982.4
3868,14986.8
3869,0
3870,27475.8
3871,12489
3872,9991.2
3873,14986.8
3874,14986.8
3875,17484.6
3876,4995.6
3877,9991.2
3878,17484.6
3879,14986.8
3880,14986.8
3881,12489
3882,7493.4
3883,7493.4
3884,7493.4
3885,12489
3886,7493.4
3887,14986.8
3888,9991.2
3889,24978
3890,22480.2
3891,14986.8
3892,14986.8
3893,7493.4
3894,22480.2
3895,12489
3896,39964.8
3897,22480.2
3898,2497.8
3899,14986.8
3900,4995.6
3901,9991.2
3902,12489
3903,9991.2
3904,9991.2
3905,2497.8
3906,14986.8
3907,19982.4
3908,39964.8
3909,7493.4
3910,22480.2
3911,19982.4
3912,22480.2
3913,2497.8
3914,0
3915,2497.8
3916,0
3917,7493.4
3918,9991.2
3919,17484.6
3920,4995.6
3921,2497.8
3922,12489
3923,7493.4
3924,2497.8
3925,12489
3926,19982.4
3927,7493.4
3928,9991.2
3929,12489
3930,14986.8
3931,29973.6
3932,14986.8
3933,17484.6
3934,19982.4
3935,12489
3936,14986.8
3937,27475.8
3938,12489
3939,29973.6
3940,9991.2
3941,9991.2
3942,7493.4
3943,9991.2
3944,9991.2
3945,32471.4
3946,14986.8
3947,19982.4
3948,14986.8
3949,7493.4
3950,2497.8
3951,12489
3952,9991.2
3953,9991.2
3954,27475.8
3955,9991.2
3956,4995.6
3957,7493.4
3958,7493.4
3959,14986.8
3960,29973.6
3961,4995.6
3962,7493.4
3963,2497.8
3964,9991.2
3965,12489
3966,4995.6
3967,2497.8
3968,4995.6
3969,9991.2
3970,24978
3971,19982.4
3972,14986.8
3973,14986.8
3974,27475.8
3975,9991.2
3976,4995.6
3977,9991.2
3978,0
3979,9991.2
3980,27475.8
3981,12489
3982,0
3983,24978
3984,24978
3985,0
3986,0
3987,12489
3988,17484.6
3989,32471.4
3990,2497.8
3991,27475.8
3992,4995.6
3993,4995.6
3994,12489
3995,29973.6
3996,17484.6
3997,2497.8
3998,7493.4
3999,14986.8
4000,4995.6
4001,4995.6
4002,19982.4
4003,29973.6
4004,12489
4005,14986.8
4006,12489
4007,12489
4008,9991.2
4009,9991.2
4010,7493.4
4011,14986.8
4012,7493.4
4013,19982.4
4014,7493.4
4015,22480.2
4016,12489
4017,2497.8
4018,2497.8
4019,9991.2
4020,9991.2
4021,24978
4022,0
4023,7493.4
4024,12489
4025,9991.2
4026,34969.2
4027,7493.4
4028,19982.4
4029,19982.4
4030,12489
4031,0
4032,7493.4
4033,2497.8
4034,7493.4
4035,9991.2
4036,19982.4
4037,22480.2
4038,22480.2
4039,12489
4040,9991.2
4041,4995.6
4042,14986.8
4043,4995.6
4044,22480.2
4045,12489
4046,4995.6
4047,9991.2
4048,19982.4
4049,14986.8
4050,14986.8
4051,4995.6
4052,17484.6
4053,2497.8
4054,17484.6
4055,0
4056,4995.6
4057,27475.8
4058,12489
4059,2497.8
4060,4995.6
4061,12489
4062,19982.4
4063,2497.8
4064,24978
4065,9991.2
4066,19982.4
4067,12489
4068,9991.2
4069,9991.2
4070,4995.6
4071,12489
4072,12489
4073,14986.8
4074,9991.2
4075,14986.8
4076,2497.8
4077,9991.2
4078,12489
4079,12489
4080,12489
4081,12489
4082,19982.4
4083,2497.8
4084,17484.6
4085,24978
4086,9991.2
4087,14986.8
4088,14986.8
4089,12489
4090,7493.4
4091,12489
4092,7493.4
4093,27475.8
4094,9991.2
4095,14986.8
4096,4995.6
4097,22480.2
4098,9991.2
4099,12489
4100,34969.2
4101,4995.6
4102,19982.4
4103,19982.4
4104,9991.2
4105,0
4106,2497.8
4107,14986.8
4108,2497.8
4109,19982.4
4110,19982.4
4111,0
4112,12489
4113,4995.6
4114,22480.2
4115,7493.4
4116,19982.4
4117,12489
4118,27475.8
4119,24978
4120,9991.2
4121,14986.8
4122,12489
4123,7493.4
4124,24978
4125,12489
4126,14986.8
4127,17484.6
4128,14986.8
4129,4995.6
4130,14986.8
4131,19982.4
4132,9991.2
4133,4995.6
4134,7493.4
4135,9991.2
4136,14986.8
4137,34969.2
4138,12489
4139,22480.2
4140,17484.6
4141,14986.8
4142,12489
4143,12489
4144,2497.8
4145,7493.4
4146,9991.2
4147,12489
4148,12489
4149,4995.6
4150,17484.6
4151,9991.2
4152,9991.2
4153,7493.4
4154,27475.8
4155,4995.6
4156,17484.6
4157,7493.4
4158,2497.8
4159,19982.4
4160,4995.6
4161,19982.4
4162,32471.4
4163,9991.2
4164,14986.8
4165,22480.2
4166,12489
4167,22480.2
4168,19982.4
4169,32471.4
4170,14986.8
4171,7493.4
4172,17484.6
4173,7493.4
4174,24978
4175,4995.6
4176,14986.8
4177,14986.8
4178,2497.8
4179,4995.6
4180,7493.4
4181,4995.6
4182,12489
4183,9991.2
4184,4995.6
4185,19982.4
4186,17484.6
4187,24978
4188,12489
4189,12489
4190,14986.8
4191,9991.2
4192,7493.4
4193,2497.8
4194,7493.4
4195,14986.8
4196,19982.4
4197,4995.6
4198,14986.8
4199,9991.2
4200,32471.4
4201,9991.2
4202,9991.2
4203,7493.4
4204,19982.4
4205,14986.8
4206,2497.8
4207,7493.4
4208,2497.8
4209,12489
4210,4995.6
4211,29973.6
4212,14986.8
4213,4995.6
4214,22480.2
4215,9991.2
4216,14986.8
4217,17484.6
4218,24978
4219,4995.6
4220,2497.8
4221,12489
4222,7493.4
4223,12489
4224,37467
4225,12489
4226,12489
4227,19982.4
4228,9991.2
4229,9991.2
4230,17484.6
4231,12489
4232,12489
4233,17484.6
4234,9991.2
4235,9991.2
4236,9991.2
4237,2497.8
4238,4995.6
4239,14986.8
4240,9991.2
4241,4995.6
4242,2497.8
4243,17484.6
4244,9991.2
4245,7493.4
4246,27475.8
4247,7493.4
4248,17484.6
4249,14986.8
4250,14986.8
4251,2497.8
4252,0
4253,4995.6
4254,9991.2
4255,19982.4
4256,29973.6
4257,4995.6
4258,7493.4
4259,0
4260,9991.2
4261,22480.2
4262,4995.6
4263,12489
4264,22480.2
4265,9991.2
4266,0
4267,12489
4268,22480.2
4269,27475.8
4270,7493.4
4271,12489
4272,12489
4273,9991.2
4274,24978
4275,4995.6
4276,9991.2
4277,12489
4278,4995.6
4279,4995.6
4280,2497.8
4281,14986.8
4282,27475.8
4283,14986.8
4284,19982.4
4285,7493.4
4286,2497.8
4287,2497.8
4288,4995.6
4289,9991.2
4290,7493.4
4291,7493.4
4292,7493.4
4293,2497.8
4294,12489
4295,7493.4
4296,9991.2
4297,0
4298,17484.6
4299,22480.2
4300,17484.6
4301,22480.2
4302,17484.6
4303,17484.6
4304,12489
4305,7493.4
4306,19982.4
4307,9991.2
4308,9991.2
4309,7493.4
4310,17484.6
4311,44960.4
4312,9991.2
4313,14986.8
4314,2497.8
4315,14986.8
4316,17484.6
4317,17484.6
4318,9991.2
4319,4995.6
4320,0
4321,24978
4322,7493.4
4323,14986.8
4324,9991.2
4325,19982.4
4326,27475.8
4327,12489
4328,27475.8
4329,4995.6
4330,7493.4
4331,14986.8
4332,4995.6
4333,4995.6
4334,19982.4
4335,9991.2
4336,27475.8
4337,17484.6
4338,0
4339,19982.4
4340,9991.2
4341,7493.4
4342,17484.6
4343,4995.6
4344,2497.8
4345,4995.6
4346,17484.6
4347,7493.4
4348,0
4349,7493.4
4350,7493.4
4351,12489
4352,7493.4
4353,12489
4354,7493.4
4355,7493.4
4356,37467
4357,14986.8
4358,7493.4
4359,0
4360,7493.4
4361,2497.8
4362,12489
4363,7493.4
4364,12489
4365,4995.6
4366,39964.8
4367,9991.2
4368,27475.8
4369,17484.6
4370,14986.8
4371,9991.2
4372,12489
4373,9991.2
4374,14986.8
4375,0
4376,14986.8
4377,9991.2
4378,7493.4
4379,2497.8
4380,9991.2
4381,7493.4
4382,14986.8
4383,7493.4
4384,4995.6
4385,4995.6
4386,14986.8
4387,22480.2
4388,9991.2
4389,19982.4
4390,24978
4391,12489
4392,12489
4393,9991.2
4394,24978
4395,19982.4
4396,27475.8
4397,9991.2
4398,19982.4
4399,9991.2
4400,9991.2
4401,9991.2
4402,2497.8
4403,17484.6
4404,12489
4405,4995.6
4406,17484.6
4407,32471.4
4408,24978
4409,14986.8
4410,37467
4411,19982.4
4412,12489
4413,9991.2
4414,14986.8
4415,17484.6
4416,7493.4
4417,2497.8
4418,2497.8
4419,17484.6
4420,34969.2
4421,9991.2
4422,14986.8
4423,22480.2
4424,7493.4
4425,14986.8
4426,4995.6
4427,4995.6
4428,7493.4
4429,12489
4430,19982.4
4431,9991.2
4432,12489
4433,12489
4434,12489
4435,7493.4
4436,14986.8
4437,14986.8
4438,22480.2
4439,4995.6
4440,0
4441,9991.2
4442,14986.8
4443,17484.6
4444,14986.8
4445,9991.2
4446,19982.4
4447,7493.4
4448,12489
4449,4995.6
4450,4995.6
4451,12489
4452,7493.4
4453,19982.4
4454,7493.4
4455,12489
4456,2497.8
4457,24978
4458,14986.8
4459,22480.2
4460,9991.2
4461,9991.2
4462,19982.4
4463,12489
4464,32471.4
4465,9991.2
4466,4995.6
4467,9991.2
4468,4995.6
4469,9991.2
4470,14986.8
4471,14986.8
4472,0
4473,22480.2
4474,4995.6
4475,14986.8
4476,17484.6
4477,19982.4
4478,7493.4
4479,17484.6
4480,4995.6
4481,2497.8
4482,4995.6
4483,22480.2
4484,34969.2
4485,4995.6
4486,17484.6
4487,7493.4
4488,19982.4
4489,2497.8
4490,7493.4
4491,12489
4492,14986.8
4493,9991.2
4494,14986.8
4495,7493.4
4496,12489
4497,4995.6
4498,4995.6
4499,17484.6
4500,14986.8
4501,2497.8
4502,12489
4503,12489
4504,4995.6
4505,9991.2
4506,9991.2
4507,7493.4
4508,9991.2
4509,12489
4510,27475.8
4511,9991.2
4512,14986.8
4513,9991.2
4514,12489
4515,12489
4516,2497.8
4517,2497.8
4518,0
4519,24978
4520,7493.4
4521,14986.8
4522,9991.2
4523,4995.6
4524,12489
4525,14986.8
4526,17484.6
4527,22480.2
4528,7493.4
4529,2497.8
4530,32471.4
4531,7493.4
4532,14986.8
4533,12489
4534,9991.2
4535,9991.2
4536,9991.2
4537,12489
4538,14986.8
4539,9991.2
4540,12489
4541,9991.2
4542,12489
4543,0
4544,14986.8
4545,9991.2
4546,19982.4
4547,22480.2
4548,17484.6
4549,12489
4550,14986.8
4551,19982.4
4552,32471.4
4553,19982.4
4554,19982.4
4555,7493.4
4556,2497.8
4557,9991.2
4558,9991.2
4559,17484.6
4560,17484.6
4561,22480.2
4562,12489
4563,4995.6
4564,12489
4565,24978
4566,2497.8
4567,24978
4568,17484.6
4569,14986.8
4570,12489
4571,9991.2
4572,14986.8
4573,7493.4
4574,7493.4
4575,14986.8
4576,9991.2
4577,7493.4
4578,2497.8
4579,7493.4
4580,12489
4581,14986.8
4582,14986.8
4583,24978
4584,9991.2
4585,17484.6
4586,27475.8
4587,37467
4588,2497.8
4589,12489
4590,12489
4591,12489
4592,17484.6
4593,12489
4594,7493.4
4595,14986.8
4596,27475.8
4597,24978
4598,14986.8
4599,17484.6
4600,17484.6
4601,19982.4
4602,14986.8
4603,12489
4604,12489
4605,9991.2
4606,9991.2
4607,9991.2
4608,7493.4
4609,17484.6
4610,2497.8
4611,7493.4
4612,19982.4
4613,17484.6
4614,19982.4
4615,19982.4
4616,17484.6
4617,7493.4
4618,39964.8
4619,14986.8
4620,7493.4
4621,14986.8
4622,14986.8
4623,7493.4
4624,9991.2
4625,9991.2
4626,9991.2
4627,17484.6
4628,7493.4
4629,9991.2
4630,27475.8
4631,17484.6
4632,4995.6
4633,19982.4
4634,4995.6
4635,9991.2
4636,14986.8
4637,4995.6
4638,4995.6
4639,17484.6
4640,12489
4641,14986.8
4642,2497.8
4643,22480.2
4644,22480.2
4645,19982.4
4646,9991.2
4647,0
4648,7493.4
4649,22480.2
4650,12489
4651,9991.2
4652,2497.8
4653,7493.4
4654,9991.2
4655,17484.6
4656,14986.8
4657,14986.8
4658,7493.4
4659,17484.6
4660,19982.4
4661,9991.2
4662,0
4663,17484.6
4664,19982.4
4665,9991.2
4666,4995.6
4667,2497.8
4668,4995.6
4669,4995.6
4670,9991.2
4671,9991.2
4672,12489
4673,7493.4
4674,4995.6
4675,9991.2
4676,19982.4
4677,14986.8
4678,2497.8
4679,9991.2
4680,12489
4681,2497.8
4682,4995.6
4683,9991.2
4684,7493.4
4685,7493.4
4686,14986.8
4687,2497.8
4688,22480.2
4689,12489
4690,4995.6
4691,22480.2
4692,7493.4
4693,14986.8
4694,24978
4695,14986.8
4696,24978
4697,2497.8
4698,7493.4
4699,9991.2
4700,12489
4701,12489
4702,17484.6
4703,22480.2
4704,7493.4
4705,0
4706,34969.2
4707,14986.8
4708,12489
4709,29973.6
4710,4995.6
4711,4995.6
4712,9991.2
4713,7493.4
4714,0
4715,34969.2
4716,17484.6
4717,0
4718,7493.4
4719,4995.6
4720,12489
4721,4995.6
4722,9991.2
4723,7493.4
4724,9991.2
4725,17484.6
4726,22480.2
4727,17484.6
4728,12489
4729,14986.8
4730,2497.8
4731,12489
4732,17484.6
4733,19982.4
4734,22480.2
4735,4995.6
4736,4995.6
4737,19982.4
4738,7493.4
4739,2497.8
4740,19982.4
4741,4995.6
4742,12489
4743,12489
4744,4995.6
4745,4995.6
4746,2497.8
4747,4995.6
4748,4995.6
4749,9991.2
4750,7493.4
4751,7493.4
4752,9991.2
4753,7493.4
4754,7493.4
4755,12489
4756,14986.8
4757,17484.6
4758,7493.4
4759,24978
4760,2497.8
4761,4995.6
4762,12489
4763,2497.8
4764,12489
4765,17484.6
4766,7493.4
4767,7493.4
4768,17484.6
4769,7493.4
4770,12489
4771,14986.8
4772,14986.8
4773,14986.8
4774,12489
4775,9991.2
4776,12489
4777,9991.2
4778,0
4779,9991.2
4780,9991.2
4781,4995.6
4782,4995.6
4783,12489
4784,0
4785,12489
4786,2497.8
4787,37467
4788,4995.6
4789,14986.8
4790,9991.2
4791,19982.4
4792,2497.8
4793,7493.4
4794,12489
4795,24978
4796,17484.6
4797,2497.8
4798,7493.4
4799,12489
4800,4995.6
4801,12489
4802,29973.6
4803,7493.4
4804,7493.4
4805,7493.4
4806,19982.4
4807,12489
4808,17484.6
4809,7493.4
4810,29973.6
4811,4995.6
4812,2497.8
4813,14986.8
4814,7493.4
4815,12489
4816,7493.4
4817,39964.8
4818,12489
4819,12489
4820,9991.2
4821,12489
4822,19982.4
4823,7493.4
4824,22480.2
4825,12489
4826,2497.8
4827,17484.6
4828,22480.2
4829,12489
4830,2497.8
4831,14986.8
4832,14986.8
4833,9991.2
4834,27475.8
4835,19982.4
4836,2497.8
4837,24978
4838,19982.4
4839,9991.2
4840,7493.4
4841,14986.8
4842,7493.4
4843,14986.8
4844,22480.2
4845,0
4846,12489
4847,2497.8
4848,7493.4
4849,7493.4
4850,24978
4851,9991.2
4852,14986.8
4853,9991.2
4854,17484.6
4855,9991.2
4856,4995.6
4857,14986.8
4858,22480.2
4859,14986.8
4860,22480.2
4861,9991.2
4862,7493.4
4863,32471.4
4864,17484.6
4865,39964.8
4866,22480.2
4867,9991.2
4868,17484.6
4869,9991.2
4870,9991.2
4871,4995.6
4872,9991.2
4873,22480.2
4874,7493.4
4875,9991.2
4876,2497.8
4877,24978
4878,0
4879,7493.4
4880,9991.2
4881,9991.2
4882,7493.4
4883,17484.6
4884,12489
4885,14986.8
4886,12489
4887,17484.6
4888,2497.8
4889,4995.6
4890,27475.8
4891,2497.8
4892,7493.4
4893,22480.2
4894,4995.6
4895,19982.4
4896,12489
4897,9991.2
4898,9991.2
4899,22480.2
4900,12489
4901,9991.2
4902,27475.8
4903,22480.2
4904,19982.4
4905,14986.8
4906,9991.2
4907,4995.6
4908,19982.4
4909,4995.6
4910,17484.6
4911,7493.4
4912,7493.4
4913,4995.6
4914,12489
4915,0
4916,9991.2
4917,2497.8
4918,7493.4
4919,9991.2
4920,17484.6
4921,12489
4922,4995.6
4923,12489
4924,9991.2
4925,12489
4926,4995.6
4927,0
4928,12489
4929,9991.2
4930,14986.8
4931,7493.4
4932,17484.6
4933,9991.2
4934,19982.4
4935,9991.2
4936,9991.2
4937,19982.4
4938,4995.6
4939,19982.4
4940,4995.6
4941,14986.8
4942,27475.8
4943,12489
4944,2497.8
4945,9991.2
4946,29973.6
4947,12489
4948,4995.6
4949,7493.4
4950,2497.8
4951,7493.4
4952,22480.2
4953,17484.6
4954,9991.2
4955,17484.6
4956,27475.8
4957,9991.2
4958,12489
4959,14986.8
4960,14986.8
4961,9991.2
4962,7493.4
4963,27475.8
4964,7493.4
4965,14986.8
4966,22480.2
4967,9991.2
4968,9991.2
4969,24978
4970,2497.8
4971,4995.6
4972,7493.4
4973,9991.2
4974,14986.8
4975,12489
4976,0
4977,7493.4
4978,29973.6
4979,2497.8
4980,7493.4
4981,12489
4982,14986.8
4983,19982.4
4984,9991.2
4985,9991.2
4986,14986.8
4987,22480.2
4988,9991.2
4989,7493.4
4990,9991.2
4991,9991.2
4992,9991.2
4993,29973.6
4994,19982.4
4995,12489
4996,12489
4997,4995.6
4998,17484.6
4999,2497.8
5000,24978
5001,9991.2
5002,17484.6
5003,7493.4
5004,19982.4
5005,7493.4
5006,0
5007,7493.4
5008,12489
5009,9991.2
5010,4995.6
5011,34969.2
5012,9991.2
5013,9991.2
5014,17484.6
5015,12489
5016,9991.2
5017,19982.4
5018,9991.2
5019,9991.2
5020,9991.2
5021,12489
5022,9991.2
5023,12489
5024,12489
5025,12489
5026,19982.4
5027,4995.6
5028,4995.6
5029,4995.6
5030,14986.8
5031,14986.8
5032,12489
5033,4995.6
5034,2497.8
5035,12489
5036,14986.8
5037,14986.8
5038,2497.8
5039,9991.2
5040,2497.8
5041,12489
5042,9991.2
5043,2497.8
5044,14986.8
5045,2497.8
5046,7493.4
5047,24978
5048,19982.4
5049,2497.8
5050,24978
5051,9991.2
5052,14986.8
5053,7493.4
5054,19982.4
5055,19982.4
5056,2497.8
5057,9991.2
5058,12489
5059,2497.8
5060,4995.6
5061,17484.6
5062,17484.6
5063,17484.6
5064,2497.8
5065,14986.8
5066,12489
5067,4995.6
5068,2497.8
5069,14986.8
5070,14986.8
5071,7493.4
5072,4995.6
5073,27475.8
5074,37467
5075,4995.6
5076,7493.4
5077,39964.8
5078,12489
5079,17484.6
5080,9991.2
5081,7493.4
5082,9991.2
5083,9991.2
5084,14986.8
5085,17484.6
5086,0
5087,9991.2
5088,7493.4
5089,4995.6
5090,4995.6
5091,4995.6
5092,17484.6
5093,7493.4
5094,22480.2
5095,9991.2
5096,22480.2
5097,12489
5098,17484.6
5099,2497.8
5100,14986.8
5101,9991.2
5102,7493.4
5103,9991.2
5104,9991.2
5105,2497.8
5106,12489
5107,4995.6
5108,7493.4
5109,17484.6
5110,19982.4
5111,12489
5112,19982.4
5113,9991.2
5114,4995.6
5115,2497.8
5116,4995.6
5117,14986.8
5118,2497.8
5119,12489
5120,17484.6
5121,14986.8
5122,7493.4
5123,4995.6
5124,7493.4
5125,14986.8
5126,14986.8
5127,4995.6
5128,17484.6
5129,12489
5130,12489
5131,14986.8
5132,9991.2
5133,19982.4
5134,7493.4
5135,4995.6
5136,9991.2
5137,44960.4
5138,4995.6
5139,14986.8
5140,7493.4
5141,4995.6
5142,4995.6
5143,14986.8
5144,2497.8
5145,19982.4
5146,4995.6
5147,7493.4
5148,19982.4
5149,7493.4
5150,7493.4
5151,9991.2
5152,4995.6
5153,17484.6
5154,19982.4
5155,4995.6
5156,9991.2
5157,14986.8
5158,22480.2
5159,29973.6
5160,7493.4
5161,9991.2
5162,4995.6
5163,7493.4
5164,2497.8
5165,4995.6
5166,9991.2
5167,14986.8
5168,7493.4
5169,7493.4
5170,9991.2
5171,4995.6
5172,14986.8
5173,7493.4
5174,7493.4
5175,4995.6
5176,7493.4
5177,14986.8
5178,9991.2
5179,12489
5180,17484.6
5181,14986.8
5182,12489
5183,12489
5184,2497.8
5185,9991.2
5186,9991.2
5187,19982.4
5188,14986.8
5189,7493.4
5190,7493.4
5191,7493.4
5192,9991.2
5193,9991.2
5194,12489
5195,4995.6
5196,7493.4
5197,9991.2
5198,19982.4
5199,17484.6
5200,17484.6
5201,4995.6
5202,12489
5203,4995.6
5204,9991.2
5205,14986.8
5206,17484.6
5207,0
5208,14986.8
5209,2497.8
5210,19982.4
5211,12489
5212,7493.4
5213,0
5214,27475.8
5215,9991.2
5216,14986.8
5217,24978
5218,0
5219,12489
5220,9991.2
5221,12489
5222,7493.4
5223,14986.8
5224,19982.4
5225,2497.8
5226,12489
5227,4995.6
5228,9991.2
5229,2497.8
5230,12489
5231,7493.4
5232,19982.4
5233,19982.4
5234,24978
5235,9991.2
5236,27475.8
5237,24978
5238,9991.2
5239,7493.4
5240,12489
5241,22480.2
5242,34969.2
5243,2497.8
5244,9991.2
5245,12489
5246,17484.6
5247,7493.4
5248,14986.8
5249,22480.2
5250,17484.6
5251,4995.6
5252,19982.4
5253,24978
5254,14986.8
5255,12489
5256,12489
5257,4995.6
5258,7493.4
5259,2497.8
5260,2497.8
5261,14986.8
5262,7493.4
5263,27475.8
5264,12489
5265,17484.6
5266,17484.6
5267,19982.4
5268,19982.4
5269,2497.8
5270,7493.4
5271,2497.8
5272,2497.8
5273,0
5274,4995.6
5275,17484.6
5276,24978
5277,7493.4
5278,29973.6
5279,9991.2
5280,7493.4
5281,12489
5282,29973.6
5283,2497.8
5284,4995.6
5285,4995.6
5286,12489
5287,9991.2
5288,9991.2
5289,14986.8
5290,4995.6
5291,14986.8
5292,4995.6
5293,14986.8
5294,9991.2
5295,4995.6
5296,17484.6
5297,19982.4
5298,4995.6
5299,9991.2
5300,22480.2
5301,2497.8
5302,9991.2
5303,12489
5304,24978
5305,22480.2
5306,7493.4
5307,22480.2
5308,7493.4
5309,12489
5310,7493.4
5311,12489
5312,2497.8
5313,14986.8
5314,9991.2
5315,17484.6
5316,12489
5317,9991.2
5318,9991.2
5319,17484.6
5320,9991.2
5321,4995.6
5322,24978
5323,17484.6
5324,9991.2
5325,9991.2
5326,9991.2
5327,9991.2
5328,9991.2
5329,9991.2
5330,9991.2
5331,14986.8
5332,7493.4
5333,24978
5334,14986.8
5335,4995.6
5336,7493.4
5337,7493.4
5338,17484.6
5339,0
5340,14986.8
5341,19982.4
5342,9991.2
5343,17484.6
5344,24978
5345,12489
5346,2497.8
5347,9991.2
5348,12489
5349,12489
5350,27475.8
5351,19982.4
5352,19982.4
5353,27475.8
5354,7493.4
5355,19982.4
5356,9991.2
5357,24978
5358,14986.8
5359,4995.6
5360,24978
5361,7493.4
5362,17484.6
5363,22480.2
5364,12489
5365,24978
5366,17484.6
5367,7493.4
5368,22480.2
5369,14986.8
5370,14986.8
5371,9991.2
5372,22480.2
5373,14986.8
5374,27475.8
5375,17484.6
5376,9991.2
5377,29973.6
5378,9991.2
5379,14986.8
5380,29973.6
5381,19982.4
5382,2497.8
5383,32471.4
5384,12489
5385,9991.2
5386,12489
5387,4995.6
5388,9991.2
5389,9991.2
5390,14986.8
5391,9991.2
5392,0
5393,24978
5394,2497.8
5395,9991.2
5396,14986.8
5397,2497.8
5398,19982.4
5399,19982.4
5400,22480.2
5401,14986.8
5402,0
5403,12489
5404,27475.8
5405,17484.6
5406,17484.6
5407,7493.4
5408,7493.4
5409,12489
5410,19982.4
5411,17484.6
5412,4995.6
5413,7493.4
5414,0
5415,19982.4
5416,12489
5417,24978
5418,19982.4
5419,9991.2
5420,9991.2
5421,9991.2
5422,27475.8
5423,17484.6
5424,9991.2
5425,12489
5426,19982.4
5427,2497.8
5428,14986.8
5429,27475.8
5430,12489
5431,17484.6
5432,17484.6
5433,9991.2
5434,17484.6
5435,7493.4
5436,12489
5437,9991.2
5438,0
5439,14986.8
5440,14986.8
5441,9991.2
5442,22480.2
5443,22480.2
5444,4995.6
5445,19982.4
5446,2497.8
5447,12489
5448,4995.6
5449,17484.6
5450,4995.6
5451,9991.2
5452,19982.4
5453,7493.4
5454,9991.2
5455,17484.6
5456,7493.4
5457,9991.2
5458,12489
5459,22480.2
5460,19982.4
5461,19982.4
5462,2497.8
5463,2497.8
5464,4995.6
5465,14986.8
5466,7493.4
5467,7493.4
5468,9991.2
5469,19982.4
5470,2497.8
5471,9991.2
5472,7493.4
5473,12489
5474,9991.2
5475,17484.6
5476,2497.8
5477,24978
5478,9991.2
5479,17484.6
5480,7493.4
5481,9991.2
5482,4995.6
5483,14986.8
5484,14986.8
5485,4995.6
5486,12489
5487,2497.8
5488,9991.2
5489,0
5490,0
5491,7493.4
5492,14986.8
5493,2497.8
5494,12489
5495,14986.8
5496,4995.6
5497,22480.2
5498,9991.2
5499,14986.8
5500,4995.6
5501,17484.6
5502,14986.8
5503,19982.4
5504,4995.6
5505,14986.8
5506,22480.2
5507,9991.2
5508,9991.2
5509,19982.4
5510,27475.8
5511,19982.4
5512,14986.8
5513,14986.8
5514,9991.2
5515,19982.4
5516,4995.6
5517,7493.4
5518,7493.4
5519,39964.8
5520,32471.4
5521,22480.2
5522,12489
5523,7493.4
5524,22480.2
5525,2497.8
5526,17484.6
5527,27475.8
5528,24978
5529,17484.6
5530,9991.2
5531,7493.4
5532,34969.2
5533,19982.4
5534,24978
5535,7493.4
5536,12489
5537,7493.4
5538,19982.4
5539,14986.8
5540,4995.6
5541,14986.8
5542,2497.8
5543,7493.4
5544,12489
5545,12489
5546,12489
5547,17484.6
5548,12489
5549,9991.2
5550,14986.8
5551,7493.4
5552,4995.6
5553,14986.8
5554,12489
5555,19982.4
5556,2497.8
5557,9991.2
5558,4995.6
5559,19982.4
5560,12489
5561,17484.6
5562,14986.8
5563,22480.2
5564,29973.6
5565,7493.4
5566,4995.6
5567,14986.8
5568,7493.4
5569,7493.4
5570,7493.4
5571,27475.8
5572,17484.6
5573,19982.4
5574,7493.4
5575,14986.8
5576,12489
5577,7493.4
5578,2497.8
5579,4995.6
5580,7493.4
5581,22480.2
5582,0
5583,9991.2
5584,7493.4
5585,2497.8
5586,2497.8
5587,2497.8
5588,17484.6
5589,7493.4
5590,7493.4
5591,4995.6
5592,7493.4
5593,9991.2
5594,0
5595,19982.4
5596,4995.6
5597,2497.8
5598,12489
5599,24978
5600,14986.8
5601,17484.6
5602,9991.2
5603,9991.2
5604,12489
5605,7493.4
5606,24978
5607,9991.2
5608,22480.2
5609,2497.8
5610,7493.4
5611,7493.4
5612,12489
5613,9991.2
5614,7493.4
5615,14986.8
5616,17484.6
5617,9991.2
5618,9991.2
5619,4995.6
5620,14986.8
5621,12489
5622,12489
5623,7493.4
5624,12489
5625,7493.4
5626,29973.6
5627,7493.4
5628,2497.8
5629,0
5630,4995.6
5631,4995.6
5632,4995.6
5633,9991.2
5634,22480.2
5635,12489
5636,4995.6
5637,17484.6
5638,14986.8
5639,4995.6
5640,4995.6
5641,2497.8
5642,27475.8
5643,32471.4
5644,9991.2
5645,34969.2
5646,29973.6
5647,2497.8
5648,7493.4
5649,12489
5650,14986.8
5651,4995.6
5652,2497.8
5653,9991.2
5654,19982.4
5655,9991.2
5656,9991.2
5657,2497.8
5658,2497.8
5659,14986.8
5660,9991.2
5661,4995.6
5662,17484.6
5663,7493.4
5664,24978
5665,4995.6
5666,27475.8
5667,4995.6
5668,9991.2
5669,14986.8
5670,22480.2
5671,2497.8
5672,29973.6
5673,7493.4
5674,17484.6
5675,9991.2
5676,9991.2
5677,32471.4
5678,24978
5679,2497.8
5680,9991.2
5681,2497.8
5682,14986.8
5683,7493.4
5684,4995.6
5685,19982.4
5686,4995.6
5687,22480.2
5688,4995.6
5689,2497.8
5690,29973.6
5691,27475.8
5692,2497.8
5693,4995.6
5694,17484.6
5695,9991.2
5696,14986.8
5697,9991.2
5698,4995.6
5699,19982.4
5700,14986.8
5701,22480.2
5702,4995.6
5703,19982.4
5704,7493.4
5705,17484.6
5706,24978
5707,7493.4
5708,14986.8
5709,7493.4
5710,7493.4
5711,14986.8
5712,14986.8
5713,4995.6
5714,12489
5715,12489
5716,4995.6
5717,7493.4
5718,2497.8
5719,17484.6
5720,9991.2
5721,29973.6
5722,7493.4
5723,7493.4
5724,4995.6
5725,0
5726,17484.6
5727,0
5728,4995.6
5729,4995.6
5730,2497.8
5731,14986.8
5732,27475.8
5733,22480.2
5734,12489
5735,12489
5736,7493.4
5737,7493.4
5738,14986.8
5739,19982.4
5740,4995.6
5741,7493.4
5742,7493.4
5743,4995.6
5744,7493.4
5745,22480.2
5746,9991.2
5747,4995.6
5748,24978
5749,0
5750,14986.8
5751,2497.8
5752,19982.4
5753,14986.8
5754,17484.6
5755,19982.4
5756,14986.8
5757,7493.4
5758,47458.2
5759,4995.6
5760,12489
5761,9991.2
5762,12489
5763,19982.4
5764,4995.6
5765,27475.8
5766,17484.6
5767,14986.8
5768,14986.8
5769,12489
5770,29973.6
5771,7493.4
5772,14986.8
5773,2497.8
5774,9991.2
5775,4995.6
5776,12489
5777,19982.4
5778,7493.4
5779,12489
5780,14986.8
5781,7493.4
5782,9991.2
5783,7493.4
5784,4995.6
5785,9991.2
5786,7493.4
5787,7493.4
5788,0
5789,29973.6
5790,14986.8
5791,17484.6
5792,7493.4
5793,7493.4
5794,7493.4
5795,9991.2
5796,2497.8
5797,9991.2
5798,2497.8
5799,4995.6
5800,2497.8
5801,14986.8
5802,4995.6
5803,7493.4
5804,9991.2
5805,14986.8
5806,0
5807,12489
5808,2497.8
5809,4995.6
5810,7493.4
5811,2497.8
5812,27475.8
5813,17484.6
5814,2497.8
5815,9991.2
5816,29973.6
5817,27475.8
5818,9991.2
5819,19982.4
5820,7493.4
5821,7493.4
5822,17484.6
5823,2497.8
5824,17484.6
5825,24978
5826,12489
5827,12489
5828,7493.4
5829,17484.6
5830,9991.2
5831,2497.8
5832,32471.4
5833,14986.8
5834,7493.4
5835,4995.6
5836,12489
5837,4995.6
5838,14986.8
5839,34969.2
5840,19982.4
5841,14986.8
5842,9991.2
5843,12489
5844,9991.2
5845,4995.6
5846,22480.2
5847,32471.4
5848,7493.4
5849,4995.6
5850,4995.6
5851,7493.4
5852,4995.6
5853,14986.8
5854,7493.4
5855,9991.2
5856,4995.6
5857,2497.8
5858,17484.6
5859,17484.6
5860,4995.6
5861,19982.4
5862,9991.2
5863,2497.8
5864,2497.8
5865,17484.6
5866,9991.2
5867,9991.2
5868,14986.8
5869,2497.8
5870,14986.8
5871,22480.2
5872,7493.4
5873,4995.6
5874,22480.2
5875,9991.2
5876,14986.8
5877,22480.2
5878,12489
5879,4995.6
5880,22480.2
5881,19982.4
5882,12489
5883,7493.4
5884,12489
5885,4995.6
5886,12489
5887,7493.4
5888,12489
5889,12489
5890,4995.6
5891,14986.8
5892,7493.4
5893,7493.4
5894,27475.8
5895,12489
5896,4995.6
5897,12489
5898,7493.4
5899,12489
5900,4995.6
5901,12489
5902,9991.2
5903,9991.2
5904,7493.4
5905,9991.2
5906,4995.6
5907,4995.6
5908,4995.6
5909,0
5910,9991.2
5911,12489
5912,7493.4
5913,7493.4
5914,0
5915,4995.6
5916,4995.6
5917,12489
5918,2497.8
5919,14986.8
5920,47458.2
5921,12489
5922,4995.6
5923,4995.6
5924,4995.6
5925,9991.2
5926,4995.6
5927,2497.8
5928,12489
5929,7493.4
5930,19982.4
5931,7493.4
5932,4995.6
5933,9991.2
5934,4995.6
5935,4995.6
5936,4995.6
5937,7493.4
5938,4995.6
5939,14986.8
5940,9991.2
5941,9991.2
5942,14986.8
5943,7493.4
5944,0
5945,22480.2
5946,9991.2
5947,9991.2
5948,4995.6
5949,7493.4
5950,7493.4
5951,12489
5952,17484.6
5953,22480.2
5954,4995.6
5955,4995.6
5956,9991.2
5957,17484.6
5958,24978
5959,22480.2
5960,17484.6
5961,22480.2
5962,17484.6
5963,12489
5964,9991.2
5965,7493.4
5966,4995.6
5967,9991.2
5968,4995.6
5969,7493.4
5970,12489
5971,12489
5972,2497.8
5973,9991.2
5974,2497.8
5975,12489
5976,24978
5977,4995.6
5978,2497.8
5979,17484.6
5980,22480.2
5981,0
5982,12489
5983,4995.6
5984,12489
5985,17484.6
5986,14986.8
5987,12489
5988,2497.8
5989,4995.6
5990,19982.4
5991,7493.4
5992,19982.4
5993,14986.8
5994,12489
5995,29973.6
5996,0
5997,14986.8
5998,17484.6
5999,7493.4
6000,14986.8
6001,4995.6
6002,19982.4
6003,7493.4
6004,14986.8
6005,12489
6006,4995.6
6007,4995.6
6008,14986.8
6009,2497.8
6010,17484.6
6011,12489
6012,14986.8
6013,4995.6
6014,22480.2
6015,4995.6
6016,19982.4
6017,7493.4
6018,12489
6019,4995.6
6020,22480.2
6021,17484.6
6022,2497.8
6023,12489
6024,14986.8
6025,19982.4
6026,17484.6
6027,4995.6
6028,19982.4
6029,12489
6030,14986.8
6031,19982.4
6032,7493.4
6033,17484.6
6034,39964.8
6035,4995.6
6036,9991.2
6037,2497.8
6038,17484.6
6039,9991.2
6040,17484.6
6041,9991.2
6042,19982.4
6043,2497.8
6044,14986.8
6045,9991.2
6046,9991.2
6047,19982.4
6048,22480.2
6049,4995.6
6050,24978
6051,14986.8
6052,17484.6
6053,17484.6
6054,4995.6
6055,22480.2
6056,14986.8
6057,29973.6
6058,19982.4
6059,17484.6
6060,7493.4
6061,32471.4
6062,14986.8
6063,24978
6064,17484.6
6065,7493.4
6066,14986.8
6067,7493.4
6068,14986.8
6069,9991.2
6070,12489
6071,22480.2
6072,4995.6
6073,4995.6
6074,27475.8
6075,9991.2
6076,24978
6077,24978
6078,12489
6079,4995.6
6080,19982.4
6081,4995.6
6082,19982.4
6083,17484.6
6084,19982.4
6085,7493.4
6086,12489
6087,7493.4
6088,4995.6
6089,4995.6
6090,19982.4
6091,7493.4
6092,12489
6093,9991.2
6094,9991.2
6095,7493.4
6096,17484.6
6097,12489
6098,9991.2
6099,19982.4
6100,17484.6
6101,9991.2
6102,9991.2
6103,29973.6
6104,12489
6105,7493.4
6106,2497.8
6107,19982.4
6108,12489
6109,7493.4
6110,14986.8
6111,19982.4
6112,2497.8
6113,7493.4
6114,9991.2
6115,14986.8
6116,7493.4
6117,14986.8
6118,2497.8
6119,0
6120,7493.4
6121,2497.8
6122,12489
6123,7493.4
6124,2497.8
6125,2497.8
6126,12489
6127,9991.2
6128,2497.8
6129,22480.2
6130,4995.6
6131,9991.2
6132,12489
6133,12489
6134,14986.8
6135,14986.8
6136,7493.4
6137,7493.4
6138,14986.8
6139,17484.6
6140,7493.4
6141,9991.2
6142,17484.6
6143,12489
6144,4995.6
6145,29973.6
6146,4995.6
6147,7493.4
6148,4995.6
6149,27475.8
6150,12489
6151,2497.8
6152,7493.4
6153,27475.8
6154,14986.8
6155,19982.4
6156,14986.8
6157,0
6158,2497.8
6159,12489
6160,22480.2
6161,17484.6
6162,37467
6163,4995.6
6164,4995.6
6165,14986.8
6166,14986.8
6167,12489
6168,12489
6169,14986.8
6170,14986.8
6171,2497.8
6172,2497.8
6173,12489
6174,4995.6
6175,14986.8
6176,2497.8
6177,9991.2
6178,12489
6179,4995.6
6180,2497.8
6181,19982.4
6182,4995.6
6183,14986.8
6184,14986.8
6185,17484.6
6186,7493.4
6187,17484.6
6188,14986.8
6189,0
6190,12489
6191,0
6192,7493.4
6193,17484.6
6194,19982.4
6195,9991.2
6196,7493.4
6197,17484.6
6198,0
6199,19982.4
6200,2497.8
6201,4995.6
6202,12489
6203,7493.4
6204,9991.2
6205,2497.8
6206,17484.6
6207,12489
6208,9991.2
6209,19982.4
6210,9991.2
6211,4995.6
6212,4995.6
6213,12489
6214,4995.6
6215,0
6216,12489
6217,12489
6218,9991.2
6219,12489
6220,2497.8
6221,2497.8
6222,12489
6223,4995.6
6224,12489
6225,4995.6
6226,7493.4
6227,2497.8
6228,29973.6
6229,12489
6230,2497.8
6231,4995.6
6232,24978
6233,7493.4
6234,32471.4
6235,7493.4
6236,19982.4
6237,19982.4
6238,7493.4
6239,4995.6
6240,22480.2
6241,19982.4
6242,12489
6243,4995.6
6244,7493.4
6245,7493.4
6246,7493.4
6247,0
6248,17484.6
6249,2497.8
6250,12489
6251,4995.6
6252,14986.8
6253,17484.6
6254,7493.4
6255,9991.2
6256,54951.6
6257,12489
6258,9991.2
6259,7493.4
6260,9991.2
6261,4995.6
6262,0
6263,14986.8
6264,29973.6
6265,17484.6
6266,4995.6
6267,19982.4
6268,12489
6269,14986.8
6270,17484.6
6271,14986.8
6272,12489
6273,17484.6
6274,2497.8
6275,12489
6276,14986.8
6277,2497.8
6278,9991.2
6279,2497.8
6280,9991.2
6281,12489
6282,7493.4
6283,7493.4
6284,2497.8
6285,4995.6
6286,2497.8
6287,9991.2
6288,2497.8
6289,9991.2
6290,9991.2
6291,7493.4
6292,27475.8
6293,4995.6
6294,14986.8
6295,24978
6296,9991.2
6297,4995.6
6298,7493.4
6299,9991.2
6300,7493.4
6301,4995.6
6302,4995.6
6303,14986.8
6304,34969.2
6305,14986.8
6306,12489
6307,12489
6308,12489
6309,9991.2
6310,7493.4
6311,9991.2
6312,32471.4
6313,14986.8
6314,12489
6315,12489
6316,17484.6
6317,14986.8
6318,2497.8
6319,9991.2
6320,0
6321,29973.6
6322,4995.6
6323,12489
6324,2497.8
6325,12489
6326,12489
6327,7493.4
6328,7493.4
6329,7493.4
6330,9991.2
6331,4995.6
6332,17484.6
6333,29973.6
6334,12489
6335,7493.4
6336,24978
6337,12489
6338,19982.4
6339,22480.2
6340,9991.2
6341,17484.6
6342,17484.6
6343,22480.2
6344,24978
6345,7493.4
6346,7493.4
6347,14986.8
6348,24978
6349,14986.8
6350,2497.8
6351,7493.4
6352,22480.2
6353,2497.8
6354,22480.2
6355,19982.4
6356,2497.8
6357,19982.4
6358,2497.8
6359,0
6360,19982.4
6361,9991.2
6362,7493.4
6363,32471.4
6364,7493.4
6365,19982.4
6366,12489
6367,9991.2
6368,12489
6369,9991.2
6370,9991.2
6371,14986.8
6372,9991.2
6373,14986.8
6374,4995.6
6375,7493.4
6376,2497.8
6377,9991.2
6378,9991.2
6379,12489
6380,32471.4
6381,17484.6
6382,14986.8
6383,12489
6384,12489
6385,9991.2
6386,9991.2
6387,22480.2
6388,7493.4
6389,2497.8
6390,7493.4
6391,14986.8
6392,2497.8
6393,0
6394,2497.8
6395,14986.8
6396,9991.2
6397,29973.6
6398,32471.4
6399,17484.6
6400,2497.8
6401,22480.2
6402,12489
6403,7493.4
6404,4995.6
6405,4995.6
6406,27475.8
6407,4995.6
6408,27475.8
6409,12489
6410,12489
6411,12489
6412,19982.4
6413,22480.2
6414,7493.4
6415,19982.4
6416,7493.4
6417,7493.4
6418,17484.6
6419,0
6420,12489
6421,22480.2
6422,2497.8
6423,12489
6424,17484.6
6425,22480.2
6426,14986.8
6427,14986.8
6428,4995.6
6429,17484.6
6430,14986.8
6431,17484.6
6432,12489
6433,12489
6434,17484.6
6435,19982.4
6436,9991.2
6437,9991.2
6438,19982.4
6439,4995.6
6440,9991.2
6441,14986.8
6442,9991.2
6443,0
6444,9991.2
6445,17484.6
6446,17484.6
6447,14986.8
6448,37467
6449,12489
6450,19982.4
6451,24978
6452,4995.6
6453,24978
6454,19982.4
6455,4995.6
6456,12489
6457,4995.6
6458,2497.8
6459,12489
6460,12489
6461,7493.4
6462,12489
6463,29973.6
6464,14986.8
6465,2497.8
6466,24978
6467,17484.6
6468,9991.2
6469,4995.6
6470,14986.8
6471,12489
6472,12489
6473,2497.8
6474,34969.2
6475,9991.2
6476,19982.4
6477,27475.8
6478,22480.2
6479,9991.2
6480,7493.4
6481,7493.4
6482,12489
6483,17484.6
6484,14986.8
6485,7493.4
6486,9991.2
6487,9991.2
6488,9991.2
6489,12489
6490,12489
6491,9991.2
6492,2497.8
6493,7493.4
6494,7493.4
6495,4995.6
6496,7493.4
6497,4995.6
6498,17484.6
6499,7493.4
6500,19982.4
6501,4995.6
6502,14986.8
6503,27475.8
6504,12489
6505,17484.6
6506,4995.6
6507,2497.8
6508,4995.6
6509,27475.8
6510,0
6511,14986.8
6512,9991.2
6513,0
6514,9991.2
6515,0
6516,4995.6
6517,12489
6518,14986.8
6519,2497.8
6520,9991.2
6521,19982.4
6522,14986.8
6523,4995.6
6524,7493.4
6525,7493.4
6526,7493.4
6527,4995.6
6528,4995.6
6529,14986.8
6530,14986.8
6531,12489
6532,0
6533,29973.6
6534,2497.8
6535,12489
6536,0
6537,17484.6
6538,19982.4
6539,24978
6540,7493.4
6541,17484.6
6542,17484.6
6543,19982.4
6544,7493.4
6545,19982.4
6546,4995.6
6547,0
6548,17484.6
6549,4995.6
6550,0
6551,12489
6552,2497.8
6553,22480.2
6554,7493.4
6555,9991.2
6556,9991.2
6557,12489
6558,7493.4
6559,14986.8
6560,9991.2
6561,24978
6562,4995.6
6563,4995.6
6564,27475.8
6565,22480.2
6566,4995.6
6567,7493.4
6568,17484.6
6569,7493.4
6570,2497.8
6571,9991.2
6572,7493.4
6573,19982.4
6574,7493.4
6575,12489
6576,4995.6
6577,7493.4
6578,7493.4
6579,9991.2
6580,14986.8
6581,4995.6
6582,27475.8
6583,4995.6
6584,4995.6
6585,9991.2
6586,12489
6587,7493.4
6588,4995.6
6589,9991.2
6590,2497.8
6591,17484.6
6592,17484.6
6593,9991.2
6594,9991.2
6595,9991.2
6596,17484.6
6597,19982.4
6598,12489
6599,12489
6600,2497.8
6601,17484.6
6602,9991.2
6603,9991.2
6604,19982.4
6605,12489
6606,19982.4
6607,2497.8
6608,22480.2
6609,7493.4
6610,19982.4
6611,14986.8
6612,2497.8
6613,4995.6
6614,9991.2
6615,14986.8
6616,12489
6617,59947.2
6618,27475.8
6619,4995.6
6620,9991.2
6621,17484.6
6622,14986.8
6623,9991.2
6624,19982.4
6625,4995.6
6626,12489
6627,14986.8
6628,14986.8
6629,19982.4
6630,9991.2
6631,7493.4
6632,12489
6633,7493.4
6634,2497.8
6635,12489
6636,14986.8
6637,7493.4
6638,7493.4
6639,24978
6640,2497.8
6641,9991.2
6642,12489
6643,9991.2
6644,12489
6645,4995.6
6646,0
6647,4995.6
6648,19982.4
6649,19982.4
6650,12489
6651,37467
6652,24978
6653,4995.6
6654,2497.8
6655,22480.2
6656,14986.8
6657,12489
6658,24978
6659,17484.6
6660,9991.2
6661,22480.2
6662,14986.8
6663,12489
6664,7493.4
6665,12489
6666,14986.8
6667,14986.8
6668,17484.6
6669,19982.4
6670,0
6671,27475.8
6672,14986.8
6673,37467
6674,24978
6675,14986.8
6676,4995.6
6677,7493.4
6678,29973.6
6679,24978
6680,7493.4
6681,7493.4
6682,27475.8
6683,7493.4
6684,2497.8
6685,4995.6
6686,2497.8
6687,2497.8
6688,7493.4
6689,14986.8
6690,14986.8
6691,7493.4
6692,39964.8
6693,2497.8
6694,12489
6695,2497.8
6696,17484.6
6697,9991.2
6698,7493.4
6699,27475.8
6700,29973.6
6701,4995.6
6702,32471.4
6703,4995.6
6704,17484.6
6705,9991.2
6706,7493.4
6707,0
6708,19982.4
6709,27475.8
6710,14986.8
6711,9991.2
6712,12489
6713,12489
6714,7493.4
6715,14986.8
6716,22480.2
6717,7493.4
6718,4995.6
6719,0
6720,19982.4
6721,12489
6722,4995.6
6723,2497.8
6724,12489
6725,4995.6
6726,4995.6
6727,12489
6728,9991.2
6729,4995.6
6730,14986.8
6731,24978
6732,14986.8
6733,9991.2
6734,12489
6735,4995.6
6736,9991.2
6737,9991.2
6738,9991.2
6739,7493.4
6740,2497.8
6741,2497.8
6742,17484.6
6743,7493.4
6744,17484.6
6745,14986.8
6746,2497.8
6747,2497.8
6748,4995.6
6749,4995.6
6750,14986.8
6751,22480.2
6752,9991.2
6753,22480.2
6754,9991.2
6755,9991.2
6756,9991.2
6757,7493.4
6758,7493.4
6759,2497.8
6760,0
6761,9991.2
6762,4995.6
6763,9991.2
6764,14986.8
6765,17484.6
6766,19982.4
6767,7493.4
6768,12489
6769,7493.4
6770,2497.8
6771,9991.2
6772,7493.4
6773,9991.2
6774,4995.6
6775,17484.6
6776,32471.4
6777,32471.4
6778,4995.6
6779,17484.6
6780,2497.8
6781,2497.8
6782,4995.6
6783,19982.4
6784,9991.2
6785,7493.4
6786,2497.8
6787,9991.2
6788,27475.8
6789,29973.6
6790,0
6791,24978
6792,17484.6
6793,9991.2
6794,27475.8
6795,2497.8
6796,12489
6797,0
6798,17484.6
6799,12489
6800,4995.6
6801,2497.8
6802,7493.4
6803,7493.4
6804,4995.6
6805,9991.2
6806,24978
6807,14986.8
6808,12489
6809,4995.6
6810,0
6811,12489
6812,14986.8
6813,12489
6814,2497.8
6815,4995.6
6816,12489
6817,7493.4
6818,22480.2
6819,9991.2
6820,24978
6821,2497.8
6822,9991.2
6823,12489
6824,27475.8
6825,2497.8
6826,4995.6
6827,19982.4
6828,22480.2
6829,19982.4
6830,4995.6
6831,9991.2
6832,22480.2
6833,12489
6834,14986.8
6835,12489
6836,7493.4
6837,9991.2
6838,7493.4
6839,12489
6840,17484.6
6841,2497.8
6842,22480.2
6843,12489
6844,22480.2
6845,4995.6
6846,24978
6847,9991.2
6848,14986.8
6849,9991.2
6850,19982.4
6851,9991.2
6852,12489
6853,14986.8
6854,9991.2
6855,7493.4
6856,19982.4
6857,19982.4
6858,9991.2
6859,7493.4
6860,4995.6
6861,9991.2
6862,2497.8
6863,14986.8
6864,42462.6
6865,12489
6866,4995.6
6867,4995.6
6868,4995.6
6869,9991.2
6870,12489
6871,12489
6872,7493.4
6873,0
6874,2497.8
6875,7493.4
6876,7493.4
6877,7493.4
6878,19982.4
6879,9991.2
6880,17484.6
6881,17484.6
6882,14986.8
6883,27475.8
6884,4995.6
6885,37467
6886,7493.4
6887,7493.4
6888,9991.2
6889,12489
6890,9991.2
6891,4995.6
6892,9991.2
6893,14986.8
6894,22480.2
6895,4995.6
6896,22480.2
6897,7493.4
6898,22480.2
6899,4995.6
6900,7493.4
6901,7493.4
6902,24978
6903,29973.6
6904,0
6905,14986.8
6906,2497.8
6907,2497.8
6908,4995.6
6909,24978
6910,9991.2
6911,32471.4
6912,19982.4
6913,7493.4
6914,22480.2
6915,9991.2
6916,4995.6
6917,32471.4
6918,22480.2
6919,22480.2
6920,2497.8
6921,12489
6922,7493.4
6923,12489
6924,9991.2
6925,9991.2
6926,4995.6
6927,12489
6928,22480.2
6929,19982.4
6930,17484.6
6931,9991.2
6932,7493.4
6933,7493.4
6934,4995.6
6935,4995.6
6936,19982.4
6937,4995.6
6938,4995.6
6939,17484.6
6940,14986.8
6941,29973.6
6942,2497.8
6943,24978
6944,9991.2
6945,39964.8
6946,4995.6
6947,9991.2
6948,9991.2
6949,9991.2
6950,14986.8
6951,2497.8
6952,4995.6
6953,12489
6954,4995.6
6955,9991.2
6956,12489
6957,12489
6958,4995.6
6959,9991.2
6960,2497.8
6961,29973.6
6962,9991.2
6963,9991.2
6964,22480.2
6965,17484.6
6966,7493.4
6967,4995.6
6968,2497.8
6969,22480.2
6970,29973.6
6971,14986.8
6972,17484.6
6973,14986.8
6974,12489
6975,32471.4
6976,22480.2
6977,14986.8
6978,22480.2
6979,27475.8
6980,4995.6
6981,27475.8
6982,12489
6983,17484.6
6984,17484.6
6985,9991.2
6986,17484.6
6987,9991.2
6988,4995.6
6989,7493.4
6990,2497.8
6991,14986.8
6992,17484.6
6993,14986.8
6994,9991.2
6995,7493.4
6996,7493.4
6997,14986.8
6998,14986.8
6999,7493.4
7000,14986.8
7001,12489
7002,7493.4
7003,22480.2
7004,22480.2
7005,2497.8
7006,14986.8
7007,12489
7008,14986.8
7009,24978
7010,0
7011,22480.2
7012,7493.4
7013,12489
7014,4995.6
7015,4995.6
7016,7493.4
7017,19982.4
7018,12489
7019,14986.8
7020,7493.4
7021,2497.8
7022,27475.8
7023,7493.4
7024,19982.4
7025,9991.2
7026,4995.6
7027,12489
7028,19982.4
7029,27475.8
7030,19982.4
7031,9991.2
7032,29973.6
7033,17484.6
7034,7493.4
7035,7493.4
7036,14986.8
7037,27475.8
7038,14986.8
7039,9991.2
7040,12489
7041,14986.8
7042,9991.2
7043,22480.2
7044,12489
7045,17484.6
7046,14986.8
7047,7493.4
7048,17484.6
7049,12489
7050,4995.6
7051,9991.2
7052,4995.6
7053,4995.6
7054,29973.6
7055,9991.2
7056,19982.4
7057,24978
7058,7493.4
7059,12489
7060,17484.6
7061,12489
7062,7493.4
7063,2497.8
7064,2497.8
7065,14986.8
7066,4995.6
7067,17484.6
7068,4995.6
7069,22480.2
7070,22480.2
7071,4995.6
7072,4995.6
7073,9991.2
7074,12489
7075,17484.6
7076,14986.8
7077,7493.4
7078,4995.6
7079,4995.6
7080,12489
7081,9991.2
7082,17484.6
7083,9991.2
7084,7493.4
7085,14986.8
7086,4995.6
7087,9991.2
7088,14986.8
7089,0
7090,12489
7091,2497.8
7092,9991.2
7093,2497.8
7094,17484.6
7095,19982.4
7096,9991.2
7097,2497.8
7098,2497.8
7099,0
7100,7493.4
7101,14986.8
7102,2497.8
7103,27475.8
7104,12489
7105,12489
7106,19982.4
7107,12489
7108,12489
7109,27475.8
7110,14986.8
7111,12489
7112,2497.8
7113,17484.6
7114,7493.4
7115,2497.8
7116,7493.4
7117,9991.2
7118,7493.4
7119,0
7120,0
7121,17484.6
7122,12489
7123,7493.4
7124,24978
7125,14986.8
7126,14986.8
7127,12489
7128,14986.8
7129,19982.4
7130,2497.8
7131,4995.6
7132,19982.4
7133,17484.6
7134,7493.4
7135,14986.8
7136,7493.4
7137,7493.4
7138,7493.4
7139,0
7140,4995.6
7141,4995.6
7142,2497.8
7143,17484.6
7144,2497.8
7145,9991.2
7146,19982.4
7147,2497.8
7148,7493.4
7149,27475.8
7150,17484.6
7151,22480.2
7152,4995.6
7153,4995.6
7154,19982.4
7155,4995.6
7156,0
7157,9991.2
7158,7493.4
7159,14986.8
7160,14986.8
7161,14986.8
7162,17484.6
7163,9991.2
7164,7493.4
7165,12489
7166,7493.4
7167,4995.6
7168,2497.8
7169,9991.2
7170,19982.4
7171,14986.8
7172,7493.4
7173,14986.8
7174,17484.6
7175,9991.2
7176,2497.8
7177,12489
7178,27475.8
7179,9991.2
7180,2497.8
7181,9991.2
7182,24978
7183,27475.8
7184,4995.6
7185,0
7186,12489
7187,12489
7188,9991.2
7189,0
7190,9991.2
7191,14986.8
7192,9991.2
7193,9991.2
7194,4995.6
7195,17484.6
7196,9991.2
7197,19982.4
7198,2497.8
7199,14986.8
7200,12489
7201,14986.8
7202,9991.2
7203,14986.8
7204,12489
7205,12489
7206,7493.4
7207,24978
7208,9991.2
7209,12489
7210,4995.6
7211,12489
7212,32471.4
7213,19982.4
7214,4995.6
7215,9991.2
7216,14986.8
7217,9991.2
7218,7493.4
7219,22480.2
7220,19982.4
7221,9991.2
7222,12489
7223,12489
7224,19982.4
7225,2497.8
7226,7493.4
7227,7493.4
7228,22480.2
7229,22480.2
7230,24978
7231,9991.2
7232,14986.8
7233,24978
7234,9991.2
7235,2497.8
7236,2497.8
7237,2497.8
7238,14986.8
7239,19982.4
7240,7493.4
7241,7493.4
7242,22480.2
7243,4995.6
7244,4995.6
7245,12489
7246,12489
7247,4995.6
7248,9991.2
7249,7493.4
7250,0
7251,2497.8
7252,4995.6
7253,0
7254,17484.6
7255,4995.6
7256,19982.4
7257,7493.4
7258,17484.6
7259,22480.2
7260,12489
7261,12489
7262,7493.4
7263,7493.4
7264,19982.4
7265,12489
7266,12489
7267,4995.6
7268,4995.6
7269,7493.4
7270,9991.2
7271,14986.8
7272,2497.8
7273,0
7274,19982.4
7275,9991.2
7276,2497.8
7277,19982.4
7278,7493.4
7279,27475.8
7280,24978
7281,14986.8
7282,7493.4
7283,12489
7284,7493.4
7285,17484.6
7286,9991.2
7287,9991.2
7288,4995.6
7289,7493.4
7290,14986.8
7291,12489
7292,4995.6
7293,4995.6
7294,9991.2
7295,2497.8
7296,9991.2
7297,4995.6
7298,9991.2
7299,7493.4
7300,17484.6
7301,7493.4
7302,22480.2
7303,17484.6
7304,2497.8
7305,24978
7306,9991.2
7307,9991.2
7308,9991.2
7309,27475.8
7310,9991.2
7311,2497.8
7312,0
7313,12489
7314,12489
7315,7493.4
7316,17484.6
7317,19982.4
7318,17484.6
7319,22480.2
7320,14986.8
7321,12489
7322,14986.8
7323,22480.2
7324,9991.2
7325,9991.2
7326,4995.6
7327,9991.2
7328,7493.4
7329,7493.4
7330,4995.6
7331,9991.2
7332,14986.8
7333,2497.8
7334,19982.4
7335,12489
7336,17484.6
7337,4995.6
7338,19982.4
7339,9991.2
7340,12489
7341,12489
7342,0
7343,4995.6
7344,4995.6
7345,14986.8
7346,9991.2
7347,4995.6
7348,7493.4
7349,37467
7350,7493.4
7351,14986.8
7352,14986.8
7353,14986.8
7354,9991.2
7355,4995.6
7356,2497.8
7357,7493.4
7358,2497.8
7359,7493.4
7360,9991.2
7361,17484.6
7362,12489
7363,12489
7364,34969.2
7365,12489
7366,4995.6
7367,7493.4
7368,19982.4
7369,14986.8
7370,9991.2
7371,27475.8
7372,4995.6
7373,4995.6
7374,4995.6
7375,37467
7376,4995.6
7377,14986.8
7378,9991.2
7379,9991.2
7380,4995.6
7381,4995.6
7382,4995.6
7383,19982.4
7384,22480.2
7385,4995.6
7386,14986.8
7387,2497.8
7388,22480.2
7389,4995.6
7390,4995.6
7391,32471.4
7392,7493.4
7393,4995.6
7394,4995.6
7395,12489
7396,14986.8
7397,9991.2
7398,7493.4
7399,9991.2
7400,9991.2
7401,12489
7402,2497.8
7403,9991.2
7404,7493.4
7405,17484.6
7406,7493.4
7407,19982.4
7408,7493.4
7409,2497.8
7410,19982.4
7411,14986.8
7412,0
7413,19982.4
7414,19982.4
7415,22480.2
7416,7493.4
7417,9991.2
7418,14986.8
7419,12489
7420,12489
7421,7493.4
7422,0
7423,4995.6
7424,14986.8
7425,29973.6
7426,12489
7427,9991.2
7428,12489
7429,19982.4
7430,2497.8
7431,17484.6
7432,14986.8
7433,12489
7434,24978
7435,17484.6
7436,17484.6
7437,27475.8
7438,4995.6
7439,12489
7440,7493.4
7441,9991.2
7442,9991.2
7443,14986.8
7444,7493.4
7445,9991.2
7446,14986.8
7447,14986.8
7448,2497.8
7449,12489
7450,2497.8
7451,12489
7452,2497.8
7453,9991.2
7454,0
7455,24978
7456,12489
7457,4995.6
7458,17484.6
7459,19982.4
7460,7493.4
7461,9991.2
7462,4995.6
7463,19982.4
7464,12489
7465,17484.6
7466,2497.8
7467,9991.2
7468,24978
7469,7493.4
7470,34969.2
7471,14986.8
7472,14986.8
7473,2497.8
7474,17484.6
7475,12489
7476,9991.2
7477,17484.6
7478,17484.6
7479,19982.4
7480,7493.4
7481,7493.4
7482,7493.4
7483,9991.2
7484,32471.4
7485,14986.8
7486,9991.2
7487,12489
7488,12489
7489,4995.6
7490,12489
7491,24978
7492,2497.8
7493,17484.6
7494,12489
7495,12489
7496,9991.2
7497,9991.2
7498,7493.4
7499,22480.2
7500,9991.2
7501,27475.8
7502,12489
7503,27475.8
7504,34969.2
7505,37467
7506,17484.6
7507,12489
7508,27475.8
7509,12489
7510,4995.6
7511,2497.8
7512,14986.8
7513,14986.8
7514,12489
7515,17484.6
7516,4995.6
7517,7493.4
7518,14986.8
7519,7493.4
7520,9991.2
7521,19982.4
7522,14986.8
7523,14986.8
7524,22480.2
7525,9991.2
7526,0
7527,17484.6
7528,9991.2
7529,19982.4
7530,4995.6
7531,17484.6
7532,2497.8
7533,4995.6
7534,27475.8
7535,14986.8
7536,14986.8
7537,17484.6
7538,12489
7539,9991.2
7540,9991.2
7541,2497.8
7542,29973.6
7543,17484.6
7544,7493.4
7545,27475.8
7546,9991.2
7547,4995.6
7548,14986.8
7549,4995.6
7550,9991.2
7551,17484.6
7552,7493.4
7553,4995.6
7554,7493.4
7555,4995.6
7556,4995.6
7557,9991.2
7558,14986.8
7559,17484.6
7560,14986.8
7561,7493.4
7562,2497.8
7563,0
7564,7493.4
7565,12489
7566,4995.6
7567,14986.8
7568,7493.4
7569,24978
7570,2497.8
7571,9991.2
7572,12489
7573,9991.2
7574,4995.6
7575,22480.2
7576,4995.6
7577,0
7578,22480.2
7579,17484.6
7580,9991.2
7581,12489
7582,14986.8
7583,7493.4
7584,12489
7585,14986.8
7586,24978
7587,12489
7588,9991.2
7589,12489
7590,12489
7591,14986.8
7592,2497.8
7593,17484.6
7594,9991.2
7595,7493.4
7596,7493.4
7597,14986.8
7598,7493.4
7599,2497.8
7600,22480.2
7601,17484.6
7602,22480.2
7603,4995.6
7604,29973.6
7605,7493.4
7606,12489
7607,7493.4
7608,4995.6
7609,7493.4
7610,17484.6
7611,17484.6
7612,4995.6
7613,12489
7614,22480.2
7615,14986.8
7616,14986.8
7617,57449.4
7618,4995.6
7619,17484.6
7620,22480.2
7621,4995.6
7622,9991.2
7623,7493.4
7624,9991.2
7625,7493.4
7626,17484.6
7627,19982.4
7628,17484.6
7629,4995.6
7630,19982.4
7631,4995.6
7632,19982.4
7633,4995.6
7634,0
7635,9991.2
7636,4995.6
7637,12489
7638,4995.6
7639,7493.4
7640,14986.8
7641,7493.4
7642,12489
7643,2497.8
7644,7493.4
7645,14986.8
7646,4995.6
7647,9991.2
7648,4995.6
7649,7493.4
7650,17484.6
7651,7493.4
7652,17484.6
7653,17484.6
7654,12489
7655,19982.4
7656,22480.2
7657,12489
7658,29973.6
7659,4995.6
7660,9991.2
7661,12489
7662,17484.6
7663,7493.4
7664,9991.2
7665,19982.4
7666,34969.2
7667,7493.4
7668,9991.2
7669,7493.4
7670,17484.6
7671,12489
7672,12489
7673,12489
7674,7493.4
7675,19982.4
7676,14986.8
7677,34969.2
7678,27475.8
7679,9991.2
7680,27475.8
7681,9991.2
7682,9991.2
7683,29973.6
7684,14986.8
7685,24978
7686,2497.8
7687,22480.2
7688,9991.2
7689,2497.8
7690,27475.8
7691,7493.4
7692,4995.6
7693,9991.2
7694,7493.4
7695,2497.8
7696,4995.6
7697,9991.2
7698,9991.2
7699,24978
7700,14986.8
7701,12489
7702,19982.4
7703,19982.4
7704,4995.6
7705,14986.8
7706,9991.2
7707,7493.4
7708,24978
7709,2497.8
7710,19982.4
7711,7493.4
7712,4995.6
7713,19982.4
7714,9991.2
7715,9991.2
7716,12489
7717,4995.6
7718,7493.4
7719,14986.8
7720,4995.6
7721,9991.2
7722,12489
7723,17484.6
7724,22480.2
7725,4995.6
7726,0
7727,4995.6
7728,14986.8
7729,14986.8
7730,9991.2
7731,0
7732,4995.6
7733,9991.2
7734,9991.2
7735,2497.8
7736,7493.4
7737,12489
7738,9991.2
7739,12489
7740,7493.4
7741,17484.6
7742,9991.2
7743,12489
7744,24978
7745,12489
7746,32471.4
7747,14986.8
7748,7493.4
7749,14986.8
7750,14986.8
7751,24978
7752,22480.2
7753,17484.6
7754,14986.8
7755,7493.4
7756,12489
7757,2497.8
7758,7493.4
7759,19982.4
7760,4995.6
7761,14986.8
7762,7493.4
7763,12489
7764,12489
7765,24978
7766,29973.6
7767,9991.2
7768,9991.2
7769,4995.6
7770,24978
7771,27475.8
7772,2497.8
7773,17484.6
7774,12489
7775,14986.8
7776,7493.4
7777,12489
7778,4995.6
7779,0
7780,7493.4
7781,0
7782,4995.6
7783,17484.6
7784,14986.8
7785,12489
7786,12489
7787,9991.2
7788,4995.6
7789,7493.4
7790,9991.2
7791,7493.4
7792,7493.4
7793,17484.6
7794,17484.6
7795,14986.8
7796,9991.2
7797,12489
7798,2497.8
7799,2497.8
7800,7493.4
7801,9991.2
7802,17484.6
7803,19982.4
7804,22480.2
7805,4995.6
7806,4995.6
7807,12489
7808,12489
7809,22480.2
7810,17484.6
7811,14986.8
7812,22480.2
7813,4995.6
7814,2497.8
7815,12489
7816,4995.6
7817,7493.4
7818,12489
7819,12489
7820,17484.6
7821,7493.4
7822,17484.6
7823,2497.8
7824,24978
7825,24978
7826,24978
7827,14986.8
7828,7493.4
7829,17484.6
7830,14986.8
7831,12489
7832,9991.2
7833,9991.2
7834,17484.6
7835,4995.6
7836,14986.8
7837,2497.8
7838,12489
7839,9991.2
7840,27475.8
7841,7493.4
7842,22480.2
7843,12489
7844,19982.4
7845,24978
7846,14986.8
7847,14986.8
7848,14986.8
7849,2497.8
7850,19982.4
7851,4995.6
7852,12489
7853,0
7854,19982.4
7855,19982.4
7856,9991.2
7857,17484.6
7858,12489
7859,14986.8
7860,9991.2
7861,7493.4
7862,44960.4
7863,12489
7864,14986.8
7865,22480.2
7866,7493.4
7867,14986.8
7868,4995.6
7869,12489
7870,12489
7871,4995.6
7872,17484.6
7873,4995.6
7874,7493.4
7875,34969.2
7876,7493.4
7877,12489
7878,14986.8
7879,19982.4
7880,4995.6
7881,9991.2
7882,2497.8
7883,2497.8
7884,29973.6
7885,22480.2
7886,14986.8
7887,7493.4
7888,19982.4
7889,17484.6
7890,22480.2
7891,7493.4
7892,24978
7893,4995.6
7894,4995.6
7895,17484.6
7896,22480.2
7897,9991.2
7898,27475.8
7899,7493.4
7900,17484.6
7901,17484.6
7902,9991.2
7903,9991.2
7904,7493.4
7905,9991.2
7906,24978
7907,24978
7908,14986.8
7909,2497.8
7910,4995.6
7911,9991.2
7912,14986.8
7913,4995.6
7914,9991.2
7915,2497.8
7916,12489
7917,12489
7918,7493.4
7919,4995.6
7920,12489
7921,4995.6
7922,29973.6
7923,14986.8
7924,7493.4
7925,7493.4
7926,9991.2
7927,14986.8
7928,12489
7929,12489
7930,9991.2
7931,14986.8
7932,29973.6
7933,17484.6
7934,9991.2
7935,2497.8
7936,22480.2
7937,34969.2
7938,9991.2
7939,7493.4
7940,12489
7941,27475.8
7942,17484.6
7943,2497.8
7944,4995.6
7945,24978
7946,12489
7947,4995.6
7948,4995.6
7949,4995.6
7950,9991.2
7951,7493.4
7952,17484.6
7953,12489
7954,12489
7955,17484.6
7956,12489
7957,12489
7958,12489
7959,17484.6
7960,14986.8
7961,27475.8
7962,7493.4
7963,7493.4
7964,7493.4
7965,4995.6
7966,14986.8
7967,2497.8
7968,4995.6
7969,24978
7970,0
7971,12489
7972,19982.4
7973,0
7974,4995.6
7975,7493.4
7976,24978
7977,12489
7978,7493.4
7979,4995.6
7980,12489
7981,14986.8
7982,17484.6
7983,7493.4
7984,12489
7985,0
7986,24978
7987,12489
7988,9991.2
7989,4995.6
7990,7493.4
7991,4995.6
7992,7493.4
7993,24978
7994,4995.6
7995,19982.4
7996,9991.2
7997,17484.6
7998,9991.2
7999,2497.8
8000,24978
8001,7493.4
8002,24978
8003,7493.4
8004,2497.8
8005,12489
8006,4995.6
8007,9991.2
8008,4995.6
8009,2497.8
8010,14986.8
8011,14986.8
8012,22480.2
8013,9991.2
8014,17484.6
8015,19982.4
8016,17484.6
8017,12489
8018,29973.6
8019,12489
8020,7493.4
8021,12489
8022,7493.4
8023,2497.8
8024,22480.2
8025,17484.6
8026,4995.6
8027,24978
8028,12489
8029,9991.2
8030,14986.8
8031,4995.6
8032,12489
8033,17484.6
8034,12489
8035,7493.4
8036,2497.8
8037,2497.8
8038,24978
8039,4995.6
8040,19982.4
8041,22480.2
8042,12489
8043,14986.8
8044,24978
8045,2497.8
8046,19982.4
8047,4995.6
8048,34969.2
8049,22480.2
8050,7493.4
8051,2497.8
8052,7493.4
8053,14986.8
8054,7493.4
8055,22480.2
8056,19982.4
8057,12489
8058,7493.4
8059,14986.8
8060,4995.6
8061,7493.4
8062,4995.6
8063,19982.4
8064,22480.2
8065,7493.4
8066,7493.4
8067,2497.8
8068,12489
8069,4995.6
8070,12489
8071,9991.2
8072,7493.4
8073,9991.2
8074,22480.2
8075,2497.8
8076,19982.4
8077,9991.2
8078,9991.2
8079,4995.6
8080,24978
8081,12489
8082,2497.8
8083,19982.4
8084,9991.2
8085,24978
8086,4995.6
8087,12489
8088,9991.2
8089,24978
8090,14986.8
8091,12489
8092,14986.8
8093,4995.6
8094,4995.6
8095,47458.2
8096,12489
8097,27475.8
8098,9991.2
8099,7493.4
8100,4995.6
8101,9991.2
8102,9991.2
8103,17484.6
8104,7493.4
8105,34969.2
8106,9991.2
8107,27475.8
8108,9991.2
8109,22480.2
8110,9991.2
8111,7493.4
8112,4995.6
8113,14986.8
8114,7493.4
8115,9991.2
8116,19982.4
8117,32471.4
8118,4995.6
8119,7493.4
8120,9991.2
8121,9991.2
8122,4995.6
8123,12489
8124,9991.2
8125,7493.4
8126,4995.6
8127,22480.2
8128,7493.4
8129,4995.6
8130,7493.4
8131,2497.8
8132,9991.2
8133,9991.2
8134,9991.2
8135,27475.8
8136,7493.4
8137,17484.6
8138,9991.2
8139,17484.6
8140,4995.6
8141,12489
8142,4995.6
8143,17484.6
8144,17484.6
8145,17484.6
8146,7493.4
8147,0
8148,17484.6
8149,7493.4
8150,4995.6
8151,29973.6
8152,12489
8153,2497.8
8154,12489
8155,17484.6
8156,7493.4
8157,2497.8
8158,17484.6
8159,0
8160,7493.4
8161,14986.8
8162,0
8163,2497.8
8164,27475.8
8165,4995.6
8166,9991.2
8167,22480.2
8168,17484.6
8169,24978
8170,9991.2
8171,17484.6
8172,7493.4
8173,7493.4
8174,7493.4
8175,19982.4
8176,17484.6
8177,7493.4
8178,32471.4
8179,12489
8180,12489
8181,22480.2
8182,17484.6
8183,4995.6
8184,9991.2
8185,7493.4
8186,17484.6
8187,4995.6
8188,9991.2
8189,12489
8190,7493.4
8191,2497.8
8192,17484.6
8193,7493.4
8194,19982.4
8195,12489
8196,12489
8197,17484.6
8198,4995.6
8199,9991.2
8200,14986.8
8201,7493.4
8202,24978
8203,12489
8204,14986.8
8205,9991.2
8206,9991.2
8207,9991.2
8208,17484.6
8209,22480.2
8210,12489
8211,17484.6
8212,9991.2
8213,17484.6
8214,9991.2
8215,2497.8
8216,12489
8217,34969.2
8218,14986.8
8219,12489
8220,12489
8221,12489
8222,14986.8
8223,4995.6
8224,14986.8
8225,9991.2
8226,12489
8227,4995.6
8228,19982.4
8229,29973.6
8230,19982.4
8231,7493.4
8232,9991.2
8233,19982.4
8234,9991.2
8235,7493.4
8236,7493.4
8237,4995.6
8238,9991.2
8239,12489
8240,2497.8
8241,7493.4
8242,2497.8
8243,2497.8
8244,17484.6
8245,9991.2
8246,4995.6
8247,29973.6
8248,7493.4
8249,12489
8250,4995.6
8251,12489
8252,12489
8253,12489
8254,9991.2
8255,7493.4
8256,2497.8
8257,2497.8
8258,24978
8259,12489
8260,22480.2
8261,22480.2
8262,12489
8263,24978
8264,22480.2
8265,9991.2
8266,9991.2
8267,12489
8268,4995.6
8269,24978
8270,7493.4
8271,14986.8
8272,14986.8
8273,12489
8274,9991.2
8275,14986.8
8276,0
8277,17484.6
8278,24978
8279,22480.2
8280,2497.8
8281,17484.6
8282,14986.8
8283,12489
8284,22480.2
8285,7493.4
8286,9991.2
8287,2497.8
8288,12489
8289,17484.6
8290,7493.4
8291,14986.8
8292,7493.4
8293,14986.8
8294,17484.6
8295,9991.2
8296,17484.6
8297,4995.6
8298,12489
8299,9991.2
8300,4995.6
8301,9991.2
8302,9991.2
8303,4995.6
8304,9991.2
8305,22480.2
8306,14986.8
8307,17484.6
8308,4995.6
8309,14986.8
8310,12489
8311,44960.4
8312,0
8313,12489
8314,17484.6
8315,9991.2
8316,27475.8
8317,4995.6
8318,22480.2
8319,24978
8320,0
8321,12489
8322,4995.6
8323,12489
8324,17484.6
8325,2497.8
8326,7493.4
8327,14986.8
8328,4995.6
8329,2497.8
8330,22480.2
8331,27475.8
8332,7493.4
8333,14986.8
8334,19982.4
8335,2497.8
8336,17484.6
8337,29973.6
8338,14986.8
8339,7493.4
8340,9991.2
8341,4995.6
8342,12489
8343,12489
8344,9991.2
8345,17484.6
8346,17484.6
8347,2497.8
8348,4995.6
8349,24978
8350,19982.4
8351,14986.8
8352,2497.8
8353,12489
8354,14986.8
8355,9991.2
8356,17484.6
8357,12489
8358,29973.6
8359,4995.6
8360,17484.6
8361,9991.2
8362,12489
8363,9991.2
8364,7493.4
8365,7493.4
8366,17484.6
8367,12489
8368,14986.8
8369,22480.2
8370,9991.2
8371,12489
8372,14986.8
8373,24978
8374,9991.2
8375,9991.2
8376,0
8377,4995.6
8378,4995.6
8379,14986.8
8380,2497.8
8381,4995.6
8382,9991.2
8383,12489
8384,22480.2
8385,14986.8
8386,19982.4
8387,2497.8
8388,14986.8
8389,12489
8390,4995.6
8391,19982.4
8392,4995.6
8393,0
8394,7493.4
8395,19982.4
8396,4995.6
8397,9991.2
8398,9991.2
8399,12489
8400,17484.6
8401,7493.4
8402,7493.4
8403,7493.4
8404,4995.6
8405,14986.8
8406,4995.6
8407,9991.2
8408,14986.8
8409,34969.2
8410,32471.4
8411,0
8412,2497.8
8413,24978
8414,14986.8
8415,7493.4
8416,17484.6
8417,19982.4
8418,12489
8419,12489
8420,12489
8421,2497.8
8422,0
8423,7493.4
8424,0
8425,29973.6
8426,4995.6
8427,2497.8
8428,2497.8
8429,9991.2
8430,22480.2
8431,4995.6
8432,27475.8
8433,12489
8434,12489
8435,4995.6
8436,2497.8
8437,17484.6
8438,12489
8439,17484.6
8440,12489
8441,14986.8
8442,4995.6
8443,19982.4
8444,24978
8445,2497.8
8446,0
8447,9991.2
8448,4995.6
8449,7493.4
8450,2497.8
8451,39964.8
8452,19982.4
8453,4995.6
8454,17484.6
8455,12489
8456,14986.8
8457,14986.8
8458,9991.2
8459,17484.6
8460,4995.6
8461,12489
8462,2497.8
8463,7493.4
8464,24978
8465,9991.2
8466,17484.6
8467,7493.4
8468,4995.6
8469,19982.4
8470,7493.4
8471,7493.4
8472,7493.4
8473,12489
8474,19982.4
8475,0
8476,9991.2
8477,9991.2
8478,2497.8
8479,0
8480,14986.8
8481,12489
8482,19982.4
8483,7493.4
8484,2497.8
8485,14986.8
8486,4995.6
8487,32471.4
8488,14986.8
8489,9991.2
8490,4995.6
8491,4995.6
8492,9991.2
8493,7493.4
8494,9991.2
8495,12489
8496,24978
8497,7493.4
8498,19982.4
8499,14986.8
8500,2497.8
8501,9991.2
8502,34969.2
8503,19982.4
8504,14986.8
8505,2497.8
8506,4995.6
8507,2497.8
8508,4995.6
8509,0
8510,4995.6
8511,22480.2
8512,12489
8513,7493.4
8514,7493.4
8515,17484.6
8516,4995.6
8517,7493.4
8518,27475.8
8519,12489
8520,17484.6
8521,2497.8
8522,9991.2
8523,4995.6
8524,7493.4
8525,12489
8526,7493.4
8527,17484.6
8528,19982.4
8529,22480.2
8530,19982.4
8531,7493.4
8532,0
8533,14986.8
8534,14986.8
8535,17484.6
8536,9991.2
8537,29973.6
8538,34969.2
8539,9991.2
8540,19982.4
8541,17484.6
8542,17484.6
8543,7493.4
8544,4995.6
8545,4995.6
8546,2497.8
8547,2497.8
8548,17484.6
8549,4995.6
8550,27475.8
8551,9991.2
8552,9991.2
8553,22480.2
8554,7493.4
8555,14986.8
8556,12489
8557,9991.2
8558,7493.4
8559,17484.6
8560,9991.2
8561,24978
8562,7493.4
8563,17484.6
8564,9991.2
8565,17484.6
8566,7493.4
8567,17484.6
8568,12489
8569,24978
8570,7493.4
8571,9991.2
8572,0
8573,9991.2
8574,2497.8
8575,17484.6
8576,12489
8577,7493.4
8578,14986.8
8579,14986.8
8580,12489
8581,29973.6
8582,12489
8583,17484.6
8584,4995.6
8585,9991.2
8586,7493.4
8587,9991.2
8588,27475.8
8589,9991.2
8590,9991.2
8591,9991.2
8592,7493.4
8593,54951.6
8594,12489
8595,19982.4
8596,2497.8
8597,9991.2
8598,0
8599,12489
8600,14986.8
8601,9991.2
8602,4995.6
8603,12489
8604,19982.4
8605,12489
8606,12489
8607,9991.2
8608,27475.8
8609,22480.2
8610,9991.2
8611,9991.2
8612,12489
8613,37467
8614,4995.6
8615,9991.2
8616,17484.6
8617,12489
8618,0
8619,14986.8
8620,9991.2
8621,9991.2
8622,4995.6
8623,19982.4
8624,12489
8625,9991.2
8626,9991.2
8627,12489
8628,7493.4
8629,17484.6
8630,9991.2
8631,7493.4
8632,17484.6
8633,27475.8
8634,4995.6
8635,12489
8636,12489
8637,22480.2
8638,9991.2
8639,27475.8
8640,4995.6
8641,17484.6
8642,27475.8
8643,24978
8644,14986.8
8645,14986.8
8646,7493.4
8647,17484.6
8648,19982.4
8649,14986.8
8650,7493.4
8651,7493.4
8652,7493.4
8653,17484.6
8654,14986.8
8655,0
8656,19982.4
8657,9991.2
8658,12489
8659,12489
8660,7493.4
8661,17484.6
8662,4995.6
8663,14986.8
8664,24978
8665,2497.8
8666,34969.2
8667,2497.8
8668,14986.8
8669,2497.8
8670,12489
8671,4995.6
8672,14986.8
8673,2497.8
8674,4995.6
8675,19982.4
8676,4995.6
8677,2497.8
8678,12489
8679,14986.8
8680,19982.4
8681,12489
8682,9991.2
8683,7493.4
8684,9991.2
8685,29973.6
8686,9991.2
8687,12489
8688,24978
8689,12489
8690,4995.6
8691,0
8692,9991.2
8693,2497.8
8694,7493.4
8695,7493.4
8696,7493.4
8697,24978
8698,7493.4
8699,4995.6
8700,9991.2
8701,14986.8
8702,4995.6
8703,4995.6
8704,14986.8
8705,22480.2
8706,9991.2
8707,34969.2
8708,9991.2
8709,2497.8
8710,4995.6
8711,4995.6
8712,24978
8713,9991.2
8714,4995.6
8715,17484.6
8716,14986.8
8717,7493.4
8718,9991.2
8719,4995.6
8720,27475.8
8721,14986.8
8722,4995.6
8723,0
8724,2497.8
8725,37467
8726,29973.6
8727,14986.8
8728,12489
8729,19982.4
8730,12489
8731,14986.8
8732,7493.4
8733,9991.2
8734,9991.2
8735,2497.8
8736,24978
8737,19982.4
8738,12489
8739,2497.8
8740,2497.8
8741,12489
8742,7493.4
8743,12489
8744,7493.4
8745,4995.6
8746,2497.8
8747,37467
8748,22480.2
8749,9991.2
8750,29973.6
8751,9991.2
8752,0
8753,14986.8
8754,14986.8
8755,12489
8756,4995.6
8757,7493.4
8758,22480.2
8759,12489
8760,22480.2
8761,9991.2
8762,14986.8
8763,4995.6
8764,9991.2
8765,9991.2
8766,7493.4
8767,9991.2
8768,9991.2
8769,2497.8
8770,14986.8
8771,12489
8772,2497.8
8773,12489
8774,17484.6
8775,17484.6
8776,7493.4
8777,9991.2
8778,17484.6
8779,0
8780,9991.2
8781,4995.6
8782,4995.6
8783,17484.6
8784,2497.8
8785,7493.4
8786,47458.2
8787,7493.4
8788,4995.6
8789,12489
8790,4995.6
8791,4995.6
8792,19982.4
8793,39964.8
8794,9991.2
8795,4995.6
8796,2497.8
8797,34969.2
8798,9991.2
8799,14986.8
8800,12489
8801,12489
8802,19982.4
8803,17484.6
8804,9991.2
8805,27475.8
8806,0
8807,19982.4
8808,2497.8
8809,4995.6
8810,24978
8811,12489
8812,12489
8813,17484.6
8814,9991.2
8815,32471.4
8816,4995.6
8817,12489
8818,9991.2
8819,12489
8820,9991.2
8821,4995.6
8822,0
8823,12489
8824,12489
8825,17484.6
8826,12489
8827,12489
8828,12489
8829,27475.8
8830,12489
8831,4995.6
8832,2497.8
8833,9991.2
8834,4995.6
8835,9991.2
8836,24978
8837,22480.2
8838,0
8839,7493.4
8840,4995.6
8841,22480.2
8842,9991.2
8843,2497.8
8844,7493.4
8845,12489
8846,22480.2
8847,17484.6
8848,17484.6
8849,24978
8850,9991.2
8851,27475.8
8852,7493.4
8853,4995.6
8854,19982.4
8855,4995.6
8856,19982.4
8857,9991.2
8858,17484.6
8859,12489
8860,29973.6
8861,7493.4
8862,2497.8
8863,24978
8864,2497.8
8865,9991.2
8866,12489
8867,27475.8
8868,2497.8
8869,14986.8
8870,7493.4
8871,19982.4
8872,14986.8
8873,14986.8
8874,19982.4
8875,4995.6
8876,27475.8
8877,24978
8878,12489
8879,14986.8
8880,17484.6
8881,14986.8
8882,4995.6
8883,9991.2
8884,0
8885,12489
8886,2497.8
8887,12489
8888,9991.2
8889,9991.2
8890,7493.4
8891,9991.2
8892,37467
8893,9991.2
8894,9991.2
8895,7493.4
8896,9991.2
8897,7493.4
8898,4995.6
8899,49956
8900,19982.4
8901,4995.6
8902,24978
8903,2497.8
8904,4995.6
8905,9991.2
8906,24978
8907,4995.6
8908,14986.8
8909,17484.6
8910,9991.2
8911,17484.6
8912,4995.6
8913,9991.2
8914,7493.4
8915,17484.6
8916,29973.6
8917,24978
8918,2497.8
8919,17484.6
8920,7493.4
8921,19982.4
8922,7493.4
8923,14986.8
8924,14986.8
8925,0
8926,7493.4
8927,7493.4
8928,9991.2
8929,17484.6
8930,4995.6
8931,14986.8
8932,2497.8
8933,9991.2
8934,14986.8
8935,7493.4
8936,2497.8
8937,7493.4
8938,2497.8
8939,0
8940,17484.6
8941,4995.6
8942,7493.4
8943,2497.8
8944,14986.8
8945,7493.4
8946,4995.6
8947,0
8948,7493.4
8949,4995.6
8950,14986.8
8951,9991.2
8952,4995.6
8953,32471.4
8954,19982.4
8955,27475.8
8956,9991.2
8957,7493.4
8958,14986.8
8959,19982.4
8960,2497.8
8961,22480.2
8962,29973.6
8963,2497.8
8964,22480.2
8965,7493.4
8966,14986.8
8967,7493.4
8968,22480.2
8969,12489
8970,29973.6
8971,2497.8
8972,19982.4
8973,12489
8974,7493.4
8975,7493.4
8976,14986.8
8977,12489
8978,19982.4
8979,4995.6
8980,9991.2
8981,7493.4
8982,27475.8
8983,27475.8
8984,9991.2
8985,9991.2
8986,24978
8987,9991.2
8988,4995.6
8989,7493.4
8990,7493.4
8991,12489
8992,4995.6
8993,17484.6
8994,7493.4
8995,24978
8996,7493.4
8997,12489
8998,4995.6
8999,17484.6
9000,19982.4
9001,2497.8
9002,9991.2
9003,7493.4
9004,17484.6
9005,17484.6
9006,7493.4
9007,9991.2
9008,0
9009,12489
9010,24978
9011,14986.8
9012,22480.2
9013,27475.8
9014,7493.4
9015,0
9016,19982.4
9017,12489
9018,7493.4
9019,2497.8
9020,14986.8
9021,14986.8
9022,32471.4
9023,7493.4
9024,4995.6
9025,7493.4
9026,2497.8
9027,7493.4
9028,12489
9029,19982.4
9030,7493.4
9031,34969.2
9032,12489
9033,4995.6
9034,7493.4
9035,4995.6
9036,4995.6
9037,7493.4
9038,14986.8
9039,2497.8
9040,4995.6
9041,22480.2
9042,9991.2
9043,14986.8
9044,14986.8
9045,19982.4
9046,4995.6
9047,12489
9048,4995.6
9049,27475.8
9050,17484.6
9051,12489
9052,7493.4
9053,22480.2
9054,9991.2
9055,14986.8
9056,2497.8
9057,4995.6
9058,17484.6
9059,4995.6
9060,12489
9061,14986.8
9062,7493.4
9063,2497.8
9064,9991.2
9065,4995.6
9066,42462.6
9067,22480.2
9068,27475.8
9069,24978
9070,17484.6
9071,2497.8
9072,34969.2
9073,22480.2
9074,27475.8
9075,0
9076,0
9077,0
9078,0
9079,14986.8
9080,14986.8
9081,12489
9082,7493.4
9083,4995.6
9084,17484.6
9085,19982.4
9086,0
9087,22480.2
9088,9991.2
9089,12489
9090,12489
9091,27475.8
9092,0
9093,12489
9094,12489
9095,14986.8
9096,24978
9097,12489
9098,22480.2
9099,24978
9100,27475.8
9101,7493.4
9102,9991.2
9103,7493.4
9104,22480.2
9105,12489
9106,12489
9107,14986.8
9108,2497.8
9109,9991.2
9110,12489
9111,0
9112,12489
9113,22480.2
9114,12489
9115,19982.4
9116,14986.8
9117,19982.4
9118,9991.2
9119,14986.8
9120,0
9121,9991.2
9122,4995.6
9123,12489
9124,12489
9125,27475.8
9126,9991.2
9127,34969.2
9128,14986.8
9129,12489
9130,7493.4
9131,12489
9132,17484.6
9133,17484.6
9134,4995.6
9135,12489
9136,14986.8
9137,7493.4
9138,0
9139,7493.4
9140,9991.2
9141,12489
9142,12489
9143,12489
9144,24978
9145,24978
9146,24978
9147,19982.4
9148,12489
9149,17484.6
9150,14986.8
9151,7493.4
9152,2497.8
9153,17484.6
9154,19982.4
9155,7493.4
9156,4995.6
9157,12489
9158,17484.6
9159,14986.8
9160,0
9161,4995.6
9162,9991.2
9163,17484.6
9164,14986.8
9165,9991.2
9166,4995.6
9167,17484.6
9168,9991.2
9169,7493.4
9170,14986.8
9171,14986.8
9172,17484.6
9173,7493.4
9174,4995.6
9175,19982.4
9176,32471.4
9177,12489
9178,9991.2
9179,12489
9180,2497.8
9181,0
9182,17484.6
9183,12489
9184,12489
9185,19982.4
9186,17484.6
9187,2497.8
9188,27475.8
9189,2497.8
9190,7493.4
9191,9991.2
9192,9991.2
9193,27475.8
9194,22480.2
9195,14986.8
9196,12489
9197,17484.6
9198,14986.8
9199,7493.4
9200,9991.2
9201,19982.4
9202,22480.2
9203,22480.2
9204,12489
9205,7493.4
9206,29973.6
9207,14986.8
9208,19982.4
9209,2497.8
9210,17484.6
9211,19982.4
9212,12489
9213,7493.4
9214,14986.8
9215,12489
9216,9991.2
9217,24978
9218,19982.4
9219,12489
9220,9991.2
9221,12489
9222,7493.4
9223,4995.6
9224,12489
9225,7493.4
9226,7493.4
9227,24978
9228,22480.2
9229,19982.4
9230,12489
9231,22480.2
9232,19982.4
9233,7493.4
9234,14986.8
9235,7493.4
9236,2497.8
9237,22480.2
9238,7493.4
9239,4995.6
9240,9991.2
9241,4995.6
9242,12489
9243,9991.2
9244,17484.6
9245,17484.6
9246,12489
9247,9991.2
9248,12489
9249,9991.2
9250,12489
9251,9991.2
9252,2497.8
9253,12489
9254,9991.2
9255,12489
9256,4995.6
9257,9991.2
9258,17484.6
9259,17484.6
9260,4995.6
9261,17484.6
9262,14986.8
9263,12489
9264,7493.4
9265,7493.4
9266,7493.4
9267,4995.6
9268,4995.6
9269,12489
9270,12489
9271,2497.8
9272,12489
9273,0
9274,12489
9275,7493.4
9276,2497.8
9277,14986.8
9278,2497.8
9279,2497.8
9280,19982.4
9281,17484.6
9282,9991.2
9283,9991.2
9284,7493.4
9285,19982.4
9286,9991.2
9287,7493.4
9288,17484.6
9289,14986.8
9290,4995.6
9291,4995.6
9292,9991.2
9293,12489
9294,7493.4
9295,7493.4
9296,7493.4
9297,17484.6
9298,9991.2
9299,9991.2
9300,7493.4
9301,4995.6
9302,12489
9303,17484.6
9304,9991.2
9305,17484.6
9306,4995.6
9307,22480.2
9308,19982.4
9309,7493.4
9310,19982.4
9311,2497.8
9312,9991.2
9313,22480.2
9314,9991.2
9315,14986.8
9316,22480.2
9317,24978
9318,7493.4
9319,9991.2
9320,32471.4
9321,9991.2
9322,4995.6
9323,27475.8
9324,17484.6
9325,14986.8
9326,19982.4
9327,12489
9328,19982.4
9329,24978
9330,14986.8
9331,12489
9332,4995.6
9333,4995.6
9334,12489
9335,12489
9336,4995.6
9337,17484.6
9338,17484.6
9339,17484.6
9340,14986.8
9341,9991.2
9342,14986.8
9343,17484.6
9344,17484.6
9345,19982.4
9346,4995.6
9347,14986.8
9348,4995.6
9349,9991.2
9350,14986.8
9351,12489
9352,14986.8
9353,7493.4
9354,17484.6
9355,17484.6
9356,9991.2
9357,4995.6
9358,17484.6
9359,4995.6
9360,7493.4
9361,2497.8
9362,9991.2
9363,7493.4
9364,9991.2
9365,14986.8
9366,2497.8
9367,12489
9368,22480.2
9369,4995.6
9370,2497.8
9371,0
9372,17484.6
9373,32471.4
9374,14986.8
9375,7493.4
9376,14986.8
9377,19982.4
9378,7493.4
9379,14986.8
9380,4995.6
9381,9991.2
9382,9991.2
9383,12489
9384,14986.8
9385,19982.4
9386,2497.8
9387,7493.4
9388,14986.8
9389,17484.6
9390,17484.6
9391,22480.2
9392,12489
9393,14986.8
9394,12489
9395,7493.4
9396,0
9397,19982.4
9398,17484.6
9399,12489
9400,17484.6
9401,9991.2
9402,7493.4
9403,7493.4
9404,4995.6
9405,14986.8
9406,9991.2
9407,19982.4
9408,9991.2
9409,9991.2
9410,7493.4
9411,2497.8
9412,7493.4
9413,7493.4
9414,4995.6
9415,4995.6
9416,7493.4
9417,22480.2
9418,2497.8
9419,7493.4
9420,24978
9421,9991.2
9422,12489
9423,17484.6
9424,37467
9425,9991.2
9426,9991.2
9427,9991.2
9428,14986.8
9429,7493.4
9430,17484.6
9431,4995.6
9432,2497.8
9433,12489
9434,7493.4
9435,9991.2
9436,14986.8
9437,2497.8
9438,17484.6
9439,7493.4
9440,2497.8
9441,12489
9442,9991.2
9443,19982.4
9444,22480.2
9445,2497.8
9446,14986.8
9447,7493.4
9448,22480.2
9449,22480.2
9450,0
9451,24978
9452,17484.6
9453,19982.4
9454,9991.2
9455,4995.6
9456,7493.4
9457,14986.8
9458,32471.4
9459,9991.2
9460,7493.4
9461,27475.8
9462,4995.6
9463,0
9464,7493.4
9465,7493.4
9466,7493.4
9467,2497.8
9468,0
9469,17484.6
9470,12489
9471,32471.4
9472,2497.8
9473,9991.2
9474,22480.2
9475,9991.2
9476,14986.8
9477,12489
9478,24978
9479,7493.4
9480,19982.4
9481,17484.6
9482,9991.2
9483,7493.4
9484,4995.6
9485,24978
9486,2497.8
9487,19982.4
9488,24978
9489,7493.4
9490,9991.2
9491,29973.6
9492,19982.4
9493,9991.2
9494,24978
9495,9991.2
9496,19982.4
9497,9991.2
9498,4995.6
9499,2497.8
9500,12489
9501,12489
9502,14986.8
9503,7493.4
9504,14986.8
9505,17484.6
9506,24978
9507,7493.4
9508,7493.4
9509,2497.8
9510,14986.8
9511,2497.8
9512,9991.2
9513,22480.2
9514,7493.4
9515,12489
9516,4995.6
9517,12489
9518,12489
9519,24978
9520,2497.8
9521,14986.8
9522,12489
9523,4995.6
9524,12489
9525,29973.6
9526,14986.8
9527,12489
9528,7493.4
9529,14986.8
9530,4995.6
9531,0
9532,7493.4
9533,7493.4
9534,9991.2
9535,29973.6
9536,4995.6
9537,4995.6
9538,22480.2
9539,7493.4
9540,9991.2
9541,9991.2
9542,22480.2
9543,12489
9544,4995.6
9545,17484.6
9546,19982.4
9547,4995.6
9548,14986.8
9549,2497.8
9550,19982.4
9551,4995.6
9552,24978
9553,12489
9554,14986.8
9555,14986.8
9556,17484.6
9557,19982.4
9558,19982.4
9559,9991.2
9560,7493.4
9561,4995.6
9562,0
9563,14986.8
9564,7493.4
9565,9991.2
9566,4995.6
9567,9991.2
9568,12489
9569,4995.6
9570,17484.6
9571,17484.6
9572,19982.4
9573,2497.8
9574,14986.8
9575,19982.4
9576,2497.8
9577,14986.8
9578,4995.6
9579,7493.4
9580,4995.6
9581,0
9582,4995.6
9583,12489
9584,17484.6
9585,9991.2
9586,22480.2
9587,2497.8
9588,14986.8
9589,14986.8
9590,9991.2
9591,9991.2
9592,12489
9593,7493.4
9594,12489
9595,4995.6
9596,9991.2
9597,2497.8
9598,9991.2
9599,24978
9600,24978
9601,14986.8
9602,9991.2
9603,4995.6
9604,7493.4
9605,12489
9606,4995.6
9607,2497.8
9608,19982.4
9609,12489
9610,17484.6
9611,12489
9612,2497.8
9613,12489
9614,12489
9615,4995.6
9616,4995.6
9617,0
9618,14986.8
9619,14986.8
9620,19982.4
9621,7493.4
9622,32471.4
9623,17484.6
9624,9991.2
9625,14986.8
9626,12489
9627,7493.4
9628,12489
9629,2497.8
9630,12489
9631,9991.2
9632,19982.4
9633,14986.8
9634,9991.2
9635,17484.6
9636,14986.8
9637,4995.6
9638,4995.6
9639,7493.4
9640,12489
9641,7493.4
9642,22480.2
9643,12489
9644,17484.6
9645,19982.4
9646,12489
9647,4995.6
9648,14986.8
9649,9991.2
9650,12489
9651,4995.6
9652,19982.4
9653,12489
9654,4995.6
9655,7493.4
9656,14986.8
9657,22480.2
9658,9991.2
9659,12489
9660,4995.6
9661,9991.2
9662,14986.8
9663,4995.6
9664,2497.8
9665,17484.6
9666,4995.6
9667,7493.4
9668,9991.2
9669,7493.4
9670,24978
9671,2497.8
9672,9991.2
9673,14986.8
9674,4995.6
9675,2497.8
9676,19982.4
9677,14986.8
9678,7493.4
9679,17484.6
9680,7493.4
9681,17484.6
9682,9991.2
9683,7493.4
9684,17484.6
9685,14986.8
9686,19982.4
9687,4995.6
9688,24978
9689,4995.6
9690,7493.4
9691,17484.6
9692,24978
9693,9991.2
9694,0
9695,27475.8
9696,2497.8
9697,22480.2
9698,2497.8
9699,4995.6
9700,2497.8
9701,4995.6
9702,12489
9703,4995.6
9704,17484.6
9705,12489
9706,9991.2
9707,14986.8
9708,9991.2
9709,2497.8
9710,22480.2
9711,9991.2
9712,4995.6
9713,4995.6
9714,2497.8
9715,0
9716,12489
9717,19982.4
9718,12489
9719,2497.8
9720,12489
9721,9991.2
9722,19982.4
9723,7493.4
9724,9991.2
9725,14986.8
9726,7493.4
9727,2497.8
9728,7493.4
9729,19982.4
9730,7493.4
9731,24978
9732,12489
9733,7493.4
9734,7493.4
9735,14986.8
9736,12489
9737,27475.8
9738,14986.8
9739,12489
9740,12489
9741,4995.6
9742,7493.4
9743,9991.2
9744,19982.4
9745,12489
9746,12489
9747,14986.8
9748,29973.6
9749,7493.4
9750,2497.8
9751,4995.6
9752,14986.8
9753,27475.8
9754,2497.8
9755,9991.2
9756,22480.2
9757,32471.4
9758,17484.6
9759,17484.6
9760,7493.4
9761,7493.4
9762,27475.8
9763,12489
9764,12489
9765,4995.6
9766,9991.2
9767,0
9768,17484.6
9769,4995.6
9770,9991.2
9771,7493.4
9772,2497.8
9773,9991.2
9774,7493.4
9775,4995.6
9776,17484.6
9777,17484.6
9778,14986.8
9779,19982.4
9780,7493.4
9781,14986.8
9782,17484.6
9783,24978
9784,9991.2
9785,9991.2
9786,7493.4
9787,12489
9788,2497.8
9789,19982.4
9790,2497.8
9791,14986.8
9792,9991.2
9793,12489
9794,12489
9795,24978
9796,2497.8
9797,24978
9798,4995.6
9799,19982.4
9800,7493.4
9801,9991.2
9802,17484.6
9803,7493.4
9804,12489
9805,7493.4
9806,9991.2
9807,19982.4
9808,9991.2
9809,9991.2
9810,24978
9811,0
9812,4995.6
9813,17484.6
9814,9991.2
9815,7493.4
9816,4995.6
9817,9991.2
9818,14986.8
9819,2497.8
9820,14986.8
9821,12489
9822,17484.6
9823,7493.4
9824,2497.8
9825,14986.8
9826,12489
9827,19982.4
9828,4995.6
9829,4995.6
9830,27475.8
9831,9991.2
9832,4995.6
9833,24978
9834,0
9835,4995.6
9836,7493.4
9837,14986.8
9838,4995.6
9839,29973.6
9840,24978
9841,14986.8
9842,22480.2
9843,9991.2
9844,9991.2
9845,0
9846,12489
9847,9991.2
9848,12489
9849,14986.8
9850,12489
9851,14986.8
9852,4995.6
9853,32471.4
9854,7493.4
9855,29973.6
9856,14986.8
9857,17484.6
9858,14986.8
9859,17484.6
9860,24978
9861,22480.2
9862,9991.2
9863,17484.6
9864,0
9865,4995.6
9866,22480.2
9867,17484.6
9868,4995.6
9869,22480.2
9870,9991.2
9871,27475.8
9872,17484.6
9873,12489
9874,7493.4
9875,17484.6
9876,19982.4
9877,7493.4
9878,9991.2
9879,9991.2
9880,22480.2
9881,12489
9882,9991.2
9883,14986.8
9884,4995.6
9885,29973.6
9886,19982.4
9887,19982.4
9888,0
9889,4995.6
9890,7493.4
9891,22480.2
9892,4995.6
9893,7493.4
9894,17484.6
9895,19982.4
9896,4995.6
9897,4995.6
9898,7493.4
9899,7493.4
9900,9991.2
9901,19982.4
9902,9991.2
9903,0
9904,9991.2
9905,7493.4
9906,12489
9907,9991.2
9908,12489
9909,2497.8
9910,2497.8
9911,14986.8
9912,4995.6
9913,17484.6
9914,9991.2
9915,7493.4
9916,14986.8
9917,14986.8
9918,12489
9919,14986.8
9920,0
9921,12489
9922,2497.8
9923,4995.6
9924,17484.6
9925,17484.6
9926,9991.2
9927,9991.2
9928,17484.6
9929,14986.8
9930,7493.4
9931,12489
9932,7493.4
9933,17484.6
9934,7493.4
9935,12489
9936,14986.8
9937,7493.4
9938,2497.8
9939,4995.6
9940,29973.6
9941,7493.4
9942,4995.6
9943,0
9944,4995.6
9945,2497.8
9946,29973.6
9947,14986.8
9948,22480.2
9949,0
9950,14986.8
9951,4995.6
9952,22480.2
9953,17484.6
9954,12489
9955,22480.2
9956,9991.2
9957,12489
9958,12489
9959,12489
9960,7493.4
9961,14986.8
9962,14986.8
9963,14986.8
9964,9991.2
9965,7493.4
9966,24978
9967,9991.2
9968,12489
9969,17484.6
9970,2497.8
9971,27475.8
9972,27475.8
9973,7493.4
9974,17484.6
9975,4995.6
9976,17484.6
9977,12489
9978,29973.6
9979,19982.4
9980,32471.4
9981,4995.6
9982,7493.4
9983,9991.2
9984,0
9985,7493.4
9986,9991.2
9987,0
9988,7493.4
9989,39964.8
9990,29973.6
9991,2497.8
9992,19982.4
9993,24978
9994,22480.2
9995,7493.4
9996,7493.4
9997,4995.6
9998,12489
9999,7493.4
10000,12489
10001,17484.6
10002,7493.4
10003,9991.2
10004,19982.4
10005,24978
10006,14986.8
10007,4995.6
10008,14986.8
10009,14986.8
10010,4995.6
10011,7493.4
10012,2497.8
10013,7493.4
10014,14986.8
10015,7493.4
10016,12489
10017,2497.8
10018,9991.2
10019,9991.2
10020,7493.4
10021,17484.6
10022,22480.2
10023,9991.2
10024,17484.6
10025,22480.2
10026,2497.8
10027,2497.8
10028,14986.8
10029,9991.2
10030,4995.6
10031,4995.6
10032,9991.2
10033,4995.6
10034,0
10035,4995.6
10036,12489
10037,4995.6
10038,17484.6
10039,4995.6
10040,7493.4
10041,19982.4
10042,2497.8
10043,37467
10044,2497.8
10045,9991.2
10046,19982.4
10047,4995.6
10048,14986.8
10049,14986.8
10050,12489
10051,4995.6
10052,32471.4
10053,19982.4
10054,24978
10055,7493.4
10056,22480.2
10057,4995.6
10058,12489
10059,4995.6
10060,29973.6
10061,12489
10062,4995.6
10063,19982.4
10064,12489
10065,4995.6
10066,9991.2
10067,19982.4
10068,17484.6
10069,7493.4
10070,22480.2
10071,7493.4
10072,4995.6
10073,4995.6
10074,2497.8
10075,12489
10076,2497.8
10077,9991.2
10078,19982.4
10079,29973.6
10080,4995.6
10081,4995.6
10082,17484.6
10083,12489
10084,19982.4
10085,17484.6
10086,12489
10087,27475.8
10088,7493.4
10089,4995.6
10090,4995.6
10091,17484.6
10092,14986.8
10093,0
10094,12489
10095,12489
10096,7493.4
10097,14986.8
10098,17484.6
10099,7493.4
10100,39964.8
10101,22480.2
10102,29973.6
10103,27475.8
10104,9991.2
10105,9991.2
10106,7493.4
10107,19982.4
10108,7493.4
10109,19982.4
10110,9991.2
10111,34969.2
10112,14986.8
10113,12489
10114,4995.6
10115,19982.4
10116,9991.2
10117,2497.8
10118,2497.8
10119,14986.8
10120,12489
10121,9991.2
10122,12489
10123,14986.8
10124,12489
10125,12489
10126,17484.6
10127,0
10128,2497.8
10129,4995.6
10130,2497.8
10131,12489
10132,7493.4
10133,29973.6
10134,12489
10135,12489
10136,7493.4
10137,0
10138,14986.8
10139,24978
10140,12489
10141,29973.6
10142,17484.6
10143,0
10144,9991.2
10145,22480.2
10146,2497.8
10147,22480.2
10148,7493.4
10149,17484.6
10150,14986.8
10151,7493.4
10152,9991.2
10153,37467
10154,2497.8
10155,27475.8
10156,12489
10157,0
10158,9991.2
10159,7493.4
10160,9991.2
10161,27475.8
10162,19982.4
10163,4995.6
10164,19982.4
10165,7493.4
10166,4995.6
10167,9991.2
10168,12489
10169,7493.4
10170,7493.4
10171,7493.4
10172,12489
10173,0
10174,7493.4
10175,4995.6
10176,17484.6
10177,24978
10178,24978
10179,24978
10180,0
10181,4995.6
10182,0
10183,2497.8
10184,2497.8
10185,27475.8
10186,12489
10187,12489
10188,17484.6
10189,4995.6
10190,2497.8
10191,14986.8
10192,7493.4
10193,4995.6
10194,9991.2
10195,14986.8
10196,24978
10197,7493.4
10198,19982.4
10199,12489
10200,39964.8
10201,22480.2
10202,7493.4
10203,17484.6
10204,9991.2
10205,12489
10206,7493.4
10207,9991.2
10208,2497.8
10209,9991.2
10210,2497.8
10211,17484.6
10212,12489
10213,2497.8
10214,9991.2
10215,7493.4
10216,17484.6
10217,14986.8
10218,14986.8
10219,12489
10220,29973.6
10221,4995.6
10222,9991.2
10223,4995.6
10224,24978
10225,4995.6
10226,4995.6
10227,22480.2
10228,7493.4
10229,4995.6
10230,9991.2
10231,9991.2
10232,17484.6
10233,7493.4
10234,12489
10235,14986.8
10236,4995.6
10237,14986.8
10238,17484.6
10239,2497.8
10240,17484.6
10241,22480.2
10242,2497.8
10243,27475.8
10244,14986.8
10245,12489
10246,22480.2
10247,7493.4
10248,9991.2
10249,19982.4
10250,14986.8
10251,29973.6
10252,17484.6
10253,17484.6
10254,9991.2
10255,7493.4
10256,14986.8
10257,19982.4
10258,14986.8
10259,4995.6
10260,9991.2
10261,14986.8
10262,27475.8
10263,19982.4
10264,7493.4
10265,0
10266,32471.4
10267,9991.2
10268,17484.6
10269,14986.8
10270,9991.2
10271,7493.4
10272,9991.2
10273,17484.6
10274,9991.2
10275,7493.4
10276,12489
10277,2497.8
10278,7493.4
10279,7493.4
10280,12489
10281,2497.8
10282,7493.4
10283,4995.6
10284,7493.4
10285,7493.4
10286,4995.6
10287,2497.8
10288,17484.6
10289,7493.4
10290,12489
10291,14986.8
10292,4995.6
10293,24978
10294,17484.6
10295,9991.2
10296,2497.8
10297,37467
10298,9991.2
10299,12489
10300,7493.4
10301,19982.4
10302,9991.2
10303,17484.6
10304,7493.4
10305,17484.6
10306,9991.2
10307,29973.6
10308,19982.4
10309,7493.4
10310,9991.2
10311,14986.8
10312,12489
10313,7493.4
10314,17484.6
10315,12489
10316,14986.8
10317,12489
10318,2497.8
10319,14986.8
10320,7493.4
10321,0
10322,12489
10323,22480.2
10324,17484.6
10325,7493.4
10326,17484.6
10327,4995.6
10328,14986.8
10329,2497.8
10330,29973.6
10331,17484.6
10332,7493.4
10333,4995.6
10334,0
10335,14986.8
10336,32471.4
10337,12489
10338,12489
10339,19982.4
10340,14986.8
10341,9991.2
10342,9991.2
10343,4995.6
10344,2497.8
10345,22480.2
10346,9991.2
10347,12489
10348,12489
10349,4995.6
10350,12489
10351,12489
10352,4995.6
10353,9991.2
10354,22480.2
10355,22480.2
10356,12489
10357,17484.6
10358,19982.4
10359,19982.4
10360,19982.4
10361,9991.2
10362,2497.8
10363,22480.2
10364,27475.8
10365,9991.2
10366,9991.2
10367,7493.4
10368,7493.4
10369,24978
10370,17484.6
10371,2497.8
10372,2497.8
10373,24978
10374,4995.6
10375,4995.6
10376,9991.2
10377,12489
10378,4995.6
10379,17484.6
10380,9991.2
10381,9991.2
10382,7493.4
10383,12489
10384,22480.2
10385,17484.6
10386,7493.4
10387,19982.4
10388,2497.8
10389,7493.4
10390,9991.2
10391,17484.6
10392,14986.8
10393,14986.8
10394,4995.6
10395,9991.2
10396,24978
10397,4995.6
10398,7493.4
10399,19982.4
10400,22480.2
10401,2497.8
10402,12489
10403,14986.8
10404,0
10405,7493.4
10406,4995.6
10407,17484.6
10408,9991.2
10409,22480.2
10410,17484.6
10411,2497.8
10412,9991.2
10413,19982.4
10414,19982.4
10415,9991.2
10416,9991.2
10417,17484.6
10418,32471.4
10419,14986.8
10420,7493.4
10421,9991.2
10422,22480.2
10423,0
10424,27475.8
10425,2497.8
10426,4995.6
10427,7493.4
10428,37467
10429,4995.6
10430,12489
10431,12489
10432,9991.2
10433,14986.8
10434,14986.8
10435,17484.6
10436,2497.8
10437,17484.6
10438,24978
10439,4995.6
10440,7493.4
10441,7493.4
10442,22480.2
10443,17484.6
10444,2497.8
10445,27475.8
10446,17484.6
10447,12489
10448,14986.8
10449,14986.8
10450,19982.4
10451,12489
10452,19982.4
10453,24978
10454,19982.4
10455,7493.4
10456,24978
10457,12489
10458,0
10459,17484.6
10460,7493.4
10461,12489
10462,2497.8
10463,22480.2
10464,27475.8
10465,9991.2
10466,24978
10467,12489
10468,4995.6
10469,9991.2
10470,2497.8
10471,17484.6
10472,7493.4
10473,4995.6
10474,9991.2
10475,12489
10476,12489
10477,9991.2
10478,9991.2
10479,27475.8
10480,24978
10481,12489
10482,34969.2
10483,17484.6
10484,17484.6
10485,7493.4
10486,14986.8
10487,9991.2
10488,17484.6
10489,2497.8
10490,2497.8
10491,19982.4
10492,12489
10493,9991.2
10494,2497.8
10495,4995.6
10496,9991.2
10497,2497.8
10498,24978
10499,4995.6
10500,7493.4
10501,9991.2
10502,12489
10503,7493.4
10504,9991.2
10505,4995.6
10506,2497.8
10507,27475.8
10508,4995.6
10509,9991.2
10510,2497.8
10511,17484.6
10512,9991.2
10513,7493.4
10514,4995.6
10515,0
10516,12489
10517,4995.6
10518,34969.2
10519,2497.8
10520,2497.8
10521,14986.8
10522,4995.6
10523,4995.6
10524,17484.6
10525,12489
10526,7493.4
10527,7493.4
10528,17484.6
10529,4995.6
10530,4995.6
10531,14986.8
10532,2497.8
10533,7493.4
10534,17484.6
10535,9991.2
10536,39964.8
10537,14986.8
10538,2497.8
10539,7493.4
10540,4995.6
10541,4995.6
10542,34969.2
10543,4995.6
10544,14986.8
10545,2497.8
10546,17484.6
10547,12489
10548,17484.6
10549,0
10550,12489
10551,9991.2
10552,32471.4
10553,19982.4
10554,19982.4
10555,14986.8
10556,14986.8
10557,9991.2
10558,12489
10559,0
10560,7493.4
10561,17484.6
10562,9991.2
10563,24978
10564,9991.2
10565,9991.2
10566,2497.8
10567,14986.8
10568,32471.4
10569,19982.4
10570,12489
10571,14986.8
10572,7493.4
10573,32471.4
10574,14986.8
10575,27475.8
10576,9991.2
10577,7493.4
10578,4995.6
10579,12489
10580,4995.6
10581,12489
10582,19982.4
10583,7493.4
10584,9991.2
10585,12489
10586,14986.8
10587,22480.2
10588,7493.4
10589,9991.2
10590,4995.6
10591,7493.4
10592,12489
10593,7493.4
10594,9991.2
10595,17484.6
10596,12489
10597,4995.6
10598,2497.8
10599,9991.2
10600,19982.4
10601,7493.4
10602,2497.8
10603,7493.4
10604,12489
10605,19982.4
10606,9991.2
10607,22480.2
10608,7493.4
10609,19982.4
10610,34969.2
10611,12489
10612,12489
10613,2497.8
10614,2497.8
10615,2497.8
10616,22480.2
10617,27475.8
10618,34969.2
10619,7493.4
10620,19982.4
10621,22480.2
10622,17484.6
10623,7493.4
10624,2497.8
10625,4995.6
10626,14986.8
10627,9991.2
10628,17484.6
10629,9991.2
10630,27475.8
10631,12489
10632,22480.2
10633,17484.6
10634,4995.6
10635,0
10636,7493.4
10637,2497.8
10638,14986.8
10639,12489
10640,9991.2
10641,0
10642,7493.4
10643,19982.4
10644,14986.8
10645,7493.4
10646,2497.8
10647,12489
10648,9991.2
10649,2497.8
10650,14986.8
10651,24978
10652,7493.4
10653,9991.2
10654,9991.2
10655,7493.4
10656,4995.6
10657,12489
10658,4995.6
10659,12489
10660,17484.6
10661,2497.8
10662,14986.8
10663,19982.4
10664,9991.2
10665,2497.8
10666,17484.6
10667,24978
10668,2497.8
10669,9991.2
10670,17484.6
10671,29973.6
10672,7493.4
10673,14986.8
10674,12489
10675,12489
10676,27475.8
10677,7493.4
10678,4995.6
10679,17484.6
10680,2497.8
10681,22480.2
10682,4995.6
10683,4995.6
10684,17484.6
10685,17484.6
10686,9991.2
10687,12489
10688,12489
10689,9991.2
10690,12489
10691,9991.2
10692,4995.6
10693,19982.4
10694,4995.6
10695,4995.6
10696,9991.2
10697,17484.6
10698,14986.8
10699,12489
10700,12489
10701,14986.8
10702,17484.6
10703,14986.8
10704,4995.6
10705,2497.8
10706,2497.8
10707,22480.2
10708,4995.6
10709,14986.8
10710,17484.6
10711,4995.6
10712,9991.2
10713,24978
10714,14986.8
10715,14986.8
10716,2497.8
10717,22480.2
10718,19982.4
10719,7493.4
10720,17484.6
10721,9991.2
10722,14986.8
10723,12489
10724,9991.2
10725,9991.2
10726,9991.2
10727,9991.2
10728,12489
10729,14986.8
10730,4995.6
10731,2497.8
10732,4995.6
10733,27475.8
10734,7493.4
10735,32471.4
10736,9991.2
10737,24978
10738,4995.6
10739,7493.4
10740,17484.6
10741,27475.8
10742,17484.6
10743,22480.2
10744,14986.8
10745,17484.6
10746,7493.4
10747,12489
10748,12489
10749,12489
10750,14986.8
10751,9991.2
10752,7493.4
10753,27475.8
10754,4995.6
10755,9991.2
10756,9991.2
10757,17484.6
10758,14986.8
10759,9991.2
10760,7493.4
10761,0
10762,9991.2
10763,4995.6
10764,9991.2
10765,22480.2
10766,17484.6
10767,4995.6
10768,12489
10769,39964.8
10770,9991.2
10771,7493.4
10772,2497.8
10773,9991.2
10774,2497.8
10775,2497.8
10776,14986.8
10777,4995.6
10778,19982.4
10779,7493.4
10780,9991.2
10781,9991.2
10782,7493.4
10783,12489
10784,9991.2
10785,9991.2
10786,14986.8
10787,7493.4
10788,17484.6
10789,12489
10790,9991.2
10791,22480.2
10792,12489
10793,12489
10794,9991.2
10795,2497.8
10796,17484.6
10797,24978
10798,2497.8
10799,2497.8
10800,19982.4
10801,7493.4
10802,9991.2
10803,17484.6
10804,4995.6
10805,17484.6
10806,9991.2
10807,37467
10808,4995.6
10809,9991.2
10810,9991.2
10811,12489
10812,14986.8
10813,14986.8
10814,17484.6
10815,0
10816,19982.4
10817,7493.4
10818,4995.6
10819,2497.8
10820,9991.2
10821,9991.2
10822,9991.2
10823,9991.2
10824,9991.2
10825,4995.6
10826,29973.6
10827,2497.8
10828,9991.2
10829,12489
10830,19982.4
10831,4995.6
10832,12489
10833,12489
10834,9991.2
10835,2497.8
10836,22480.2
10837,0
10838,0
10839,14986.8
10840,7493.4
10841,7493.4
10842,9991.2
10843,34969.2
10844,4995.6
10845,9991.2
10846,12489
10847,29973.6
10848,22480.2
10849,17484.6
10850,12489
10851,2497.8
10852,9991.2
10853,29973.6
10854,17484.6
10855,9991.2
10856,22480.2
10857,14986.8
10858,9991.2
10859,14986.8
10860,2497.8
10861,27475.8
10862,12489
10863,12489
10864,17484.6
10865,2497.8
10866,17484.6
10867,4995.6
10868,7493.4
10869,7493.4
10870,7493.4
10871,12489
10872,7493.4
10873,0
10874,7493.4
10875,2497.8
10876,7493.4
10877,17484.6
10878,12489
10879,7493.4
10880,19982.4
10881,14986.8
10882,17484.6
10883,14986.8
10884,4995.6
10885,4995.6
10886,9991.2
10887,0
10888,19982.4
10889,12489
10890,7493.4
10891,19982.4
10892,17484.6
10893,7493.4
10894,7493.4
10895,4995.6
10896,14986.8
10897,9991.2
10898,9991.2
10899,22480.2
10900,4995.6
10901,7493.4
10902,0
10903,9991.2
10904,7493.4
10905,7493.4
10906,7493.4
10907,29973.6
10908,12489
10909,12489
10910,9991.2
10911,4995.6
10912,12489
10913,9991.2
10914,14986.8
10915,4995.6
10916,0
10917,12489
10918,12489
10919,7493.4
10920,9991.2
10921,4995.6
10922,9991.2
10923,12489
10924,9991.2
10925,0
10926,7493.4
10927,17484.6
10928,19982.4
10929,9991.2
10930,19982.4
10931,12489
10932,9991.2
10933,9991.2
10934,0
10935,32471.4
10936,19982.4
10937,9991.2
10938,4995.6
10939,2497.8
10940,14986.8
10941,9991.2
10942,12489
10943,4995.6
10944,29973.6
10945,12489
10946,4995.6
10947,4995.6
10948,7493.4
10949,4995.6
10950,9991.2
10951,14986.8
10952,9991.2
10953,2497.8
10954,17484.6
10955,17484.6
10956,19982.4
10957,32471.4
10958,17484.6
10959,7493.4
10960,0
10961,7493.4
10962,27475.8
10963,12489
10964,19982.4
10965,0
10966,32471.4
10967,22480.2
10968,2497.8
10969,12489
10970,14986.8
10971,19982.4
10972,7493.4
10973,9991.2
10974,19982.4
10975,4995.6
10976,19982.4
10977,14986.8
10978,12489
10979,17484.6
10980,4995.6
10981,9991.2
10982,4995.6
10983,9991.2
10984,14986.8
10985,14986.8
10986,9991.2
10987,14986.8
10988,22480.2
10989,7493.4
10990,4995.6
10991,9991.2
10992,2497.8
10993,7493.4
10994,14986.8
10995,17484.6
10996,12489
10997,4995.6
10998,22480.2
10999,22480.2
11000,9991.2
11001,9991.2
11002,22480.2
11003,7493.4
11004,4995.6
11005,19982.4
11006,12489
11007,37467
11008,2497.8
11009,12489
11010,14986.8
11011,7493.4
11012,2497.8
11013,9991.2
11014,14986.8
11015,7493.4
11016,2497.8
11017,4995.6
11018,2497.8
11019,9991.2
11020,14986.8
11021,0
11022,12489
11023,14986.8
11024,4995.6
11025,12489
11026,27475.8
11027,7493.4
11028,4995.6
11029,4995.6
11030,24978
11031,4995.6
11032,7493.4
11033,12489
11034,2497.8
11035,17484.6
11036,12489
11037,24978
11038,0
11039,22480.2
11040,19982.4
11041,2497.8
11042,9991.2
11043,17484.6
11044,19982.4
11045,29973.6
11046,7493.4
11047,22480.2
11048,7493.4
11049,9991.2
11050,14986.8
11051,4995.6
11052,27475.8
11053,2497.8
11054,22480.2
11055,7493.4
11056,4995.6
11057,7493.4
11058,14986.8
11059,17484.6
11060,19982.4
11061,9991.2
11062,9991.2
11063,19982.4
11064,14986.8
11065,2497.8
11066,57449.4
11067,4995.6
11068,7493.4
11069,14986.8
11070,7493.4
11071,4995.6
11072,14986.8
11073,4995.6
11074,4995.6
11075,7493.4
11076,19982.4
11077,9991.2
11078,0
11079,9991.2
11080,7493.4
11081,17484.6
11082,17484.6
11083,4995.6
11084,2497.8
11085,7493.4
11086,12489
11087,0
11088,2497.8
11089,14986.8
11090,14986.8
11091,14986.8
11092,14986.8
11093,34969.2
11094,12489
11095,29973.6
11096,44960.4
11097,19982.4
11098,22480.2
11099,12489
11100,12489
11101,7493.4
11102,2497.8
11103,2497.8
11104,0
11105,7493.4
11106,17484.6
11107,0
11108,12489
11109,7493.4
11110,2497.8
11111,17484.6
11112,17484.6
11113,4995.6
11114,9991.2
11115,2497.8
11116,12489
11117,2497.8
11118,17484.6
11119,19982.4
11120,4995.6
11121,22480.2
11122,7493.4
11123,9991.2
11124,9991.2
11125,22480.2
11126,2497.8
11127,4995.6
11128,17484.6
11129,2497.8
11130,12489
11131,0
11132,12489
11133,14986.8
11134,9991.2
11135,22480.2
11136,17484.6
11137,2497.8
11138,12489
11139,4995.6
11140,19982.4
11141,9991.2
11142,4995.6
11143,4995.6
11144,9991.2
11145,4995.6
11146,9991.2
11147,32471.4
11148,14986.8
11149,12489
11150,29973.6
11151,12489
11152,9991.2
11153,4995.6
11154,34969.2
11155,7493.4
11156,27475.8
11157,19982.4
11158,19982.4
11159,4995.6
11160,14986.8
11161,4995.6
11162,7493.4
11163,12489
11164,4995.6
11165,4995.6
11166,19982.4
11167,7493.4
11168,7493.4
11169,7493.4
11170,7493.4
11171,22480.2
11172,2497.8
11173,4995.6
11174,12489
11175,14986.8
11176,7493.4
11177,17484.6
11178,7493.4
11179,17484.6
11180,9991.2
11181,9991.2
11182,2497.8
11183,12489
11184,14986.8
11185,4995.6
11186,7493.4
11187,17484.6
11188,2497.8
11189,4995.6
11190,19982.4
11191,14986.8
11192,14986.8
11193,9991.2
11194,14986.8
11195,17484.6
11196,7493.4
11197,0
11198,14986.8
11199,4995.6
11200,12489
11201,0
11202,4995.6
11203,17484.6
11204,29973.6
11205,17484.6
11206,7493.4
11207,9991.2
11208,12489
11209,9991.2
11210,17484.6
11211,12489
11212,9991.2
11213,9991.2
11214,22480.2
11215,22480.2
11216,19982.4
11217,19982.4
11218,4995.6
11219,7493.4
11220,14986.8
11221,14986.8
11222,12489
11223,24978
11224,2497.8
11225,0
11226,19982.4
11227,2497.8
11228,7493.4
11229,7493.4
11230,2497.8
11231,7493.4
11232,2497.8
11233,12489
11234,22480.2
11235,17484.6
11236,4995.6
11237,14986.8
11238,17484.6
11239,9991.2
11240,22480.2
11241,12489
11242,14986.8
11243,7493.4
11244,19982.4
11245,7493.4
11246,17484.6
11247,12489
11248,7493.4
11249,32471.4
11250,7493.4
11251,19982.4
11252,32471.4
11253,14986.8
11254,17484.6
11255,22480.2
11256,7493.4
11257,24978
11258,19982.4
11259,0
11260,0
11261,0
11262,19982.4
11263,7493.4
11264,17484.6
11265,0
11266,12489
11267,4995.6
11268,14986.8
11269,19982.4
11270,9991.2
11271,9991.2
11272,12489
11273,12489
11274,4995.6
11275,7493.4
11276,7493.4
11277,19982.4
11278,7493.4
11279,17484.6
11280,9991.2
11281,22480.2
11282,9991.2
11283,9991.2
11284,7493.4
11285,2497.8
11286,4995.6
11287,2497.8
11288,12489
11289,14986.8
11290,9991.2
11291,0
11292,14986.8
11293,12489
11294,19982.4
11295,24978
11296,4995.6
11297,7493.4
11298,7493.4
11299,14986.8
11300,7493.4
11301,17484.6
11302,9991.2
11303,4995.6
11304,12489
11305,0
11306,14986.8
11307,12489
11308,2497.8
11309,12489
11310,22480.2
11311,14986.8
11312,14986.8
11313,9991.2
11314,2497.8
11315,19982.4
11316,14986.8
11317,17484.6
11318,29973.6
11319,0
11320,12489
11321,12489
11322,27475.8
11323,12489
11324,14986.8
11325,2497.8
11326,22480.2
11327,39964.8
11328,12489
11329,4995.6
11330,0
11331,17484.6
11332,7493.4
11333,17484.6
11334,9991.2
11335,22480.2
11336,14986.8
11337,2497.8
11338,17484.6
11339,14986.8
11340,14986.8
11341,22480.2
11342,2497.8
11343,27475.8
11344,22480.2
11345,29973.6
11346,22480.2
11347,0
11348,0
11349,7493.4
11350,7493.4
11351,4995.6
11352,2497.8
11353,9991.2
11354,4995.6
11355,14986.8
11356,17484.6
11357,19982.4
11358,7493.4
11359,4995.6
11360,7493.4
11361,12489
11362,17484.6
11363,4995.6
11364,27475.8
11365,19982.4
11366,0
11367,7493.4
11368,7493.4
11369,17484.6
11370,14986.8
11371,24978
11372,4995.6
11373,12489
11374,14986.8
11375,24978
11376,14986.8
11377,9991.2
11378,4995.6
11379,7493.4
11380,27475.8
11381,12489
11382,9991.2
11383,32471.4
11384,0
11385,9991.2
11386,17484.6
11387,4995.6
11388,22480.2
11389,4995.6
11390,9991.2
11391,14986.8
11392,19982.4
11393,4995.6
11394,2497.8
11395,14986.8
11396,12489
11397,9991.2
11398,9991.2
11399,17484.6
11400,9991.2
11401,17484.6
11402,7493.4
11403,12489
11404,27475.8
11405,17484.6
11406,4995.6
11407,14986.8
11408,24978
11409,9991.2
11410,9991.2
11411,9991.2
11412,4995.6
11413,14986.8
11414,17484.6
11415,2497.8
11416,12489
11417,4995.6
11418,7493.4
11419,4995.6
11420,9991.2
11421,0
11422,14986.8
11423,19982.4
11424,7493.4
11425,14986.8
11426,37467
11427,9991.2
11428,4995.6
11429,17484.6
11430,4995.6
11431,7493.4
11432,22480.2
11433,4995.6
11434,12489
11435,12489
11436,2497.8
11437,2497.8
11438,17484.6
11439,12489
11440,0
11441,7493.4
11442,4995.6
11443,24978
11444,4995.6
11445,9991.2
11446,17484.6
11447,9991.2
11448,19982.4
11449,27475.8
11450,4995.6
11451,9991.2
11452,9991.2
11453,12489
11454,14986.8
11455,7493.4
11456,12489
11457,4995.6
11458,7493.4
11459,54951.6
11460,14986.8
11461,7493.4
11462,12489
11463,4995.6
11464,29973.6
11465,14986.8
11466,4995.6
11467,9991.2
11468,12489
11469,14986.8
11470,22480.2
11471,19982.4
11472,17484.6
11473,4995.6
11474,24978
11475,17484.6
11476,29973.6
11477,14986.8
11478,2497.8
11479,22480.2
11480,4995.6
11481,19982.4
11482,14986.8
11483,19982.4
11484,7493.4
11485,2497.8
11486,2497.8
11487,7493.4
11488,7493.4
11489,0
11490,12489
11491,32471.4
11492,2497.8
11493,29973.6
11494,17484.6
11495,12489
11496,19982.4
11497,17484.6
11498,7493.4
11499,14986.8
11500,32471.4
11501,19982.4
11502,2497.8
11503,12489
11504,17484.6
11505,9991.2
11506,12489
11507,2497.8
11508,22480.2
11509,4995.6
11510,12489
11511,4995.6
11512,4995.6
11513,12489
11514,9991.2
11515,7493.4
11516,17484.6
11517,4995.6
11518,12489
11519,17484.6
11520,14986.8
11521,9991.2
11522,4995.6
11523,4995.6
11524,7493.4
11525,12489
11526,2497.8
11527,22480.2
11528,22480.2
11529,7493.4
11530,17484.6
11531,9991.2
11532,17484.6
11533,4995.6
11534,22480.2
11535,9991.2
11536,12489
11537,19982.4
11538,47458.2
11539,17484.6
11540,4995.6
11541,4995.6
11542,9991.2
11543,7493.4
11544,19982.4
11545,2497.8
11546,0
11547,12489
11548,12489
11549,14986.8
11550,9991.2
11551,12489
11552,9991.2
11553,4995.6
11554,4995.6
11555,4995.6
11556,9991.2
11557,12489
11558,12489
11559,17484.6
11560,12489
11561,14986.8
11562,27475.8
11563,2497.8
11564,12489
11565,14986.8
11566,9991.2
11567,14986.8
11568,0
11569,9991.2
11570,9991.2
11571,7493.4
11572,9991.2
11573,9991.2
11574,9991.2
11575,9991.2
11576,9991.2
11577,12489
11578,4995.6
11579,19982.4
11580,9991.2
11581,7493.4
11582,14986.8
11583,2497.8
11584,9991.2
11585,27475.8
11586,24978
11587,19982.4
11588,2497.8
11589,9991.2
11590,17484.6
11591,17484.6
11592,7493.4
11593,14986.8
11594,29973.6
11595,17484.6
11596,12489
11597,14986.8
11598,4995.6
11599,0
11600,12489
11601,19982.4
11602,2497.8
11603,19982.4
11604,12489
11605,14986.8
11606,19982.4
11607,17484.6
11608,9991.2
11609,14986.8
11610,7493.4
11611,32471.4
11612,17484.6
11613,2497.8
11614,2497.8
11615,4995.6
11616,4995.6
11617,14986.8
11618,22480.2
11619,12489
11620,4995.6
11621,14986.8
11622,7493.4
11623,7493.4
11624,24978
11625,12489
11626,22480.2
11627,17484.6
11628,22480.2
11629,32471.4
11630,29973.6
11631,4995.6
11632,19982.4
11633,14986.8
11634,2497.8
11635,27475.8
11636,7493.4
11637,4995.6
11638,7493.4
11639,4995.6
11640,12489
11641,2497.8
11642,2497.8
11643,14986.8
11644,19982.4
11645,9991.2
11646,4995.6
11647,7493.4
11648,17484.6
11649,22480.2
11650,7493.4
11651,14986.8
11652,9991.2
11653,17484.6
11654,17484.6
11655,4995.6
11656,14986.8
11657,9991.2
11658,9991.2
11659,9991.2
11660,7493.4
11661,14986.8
11662,19982.4
11663,17484.6
11664,7493.4
11665,12489
11666,9991.2
11667,7493.4
11668,17484.6
11669,14986.8
11670,29973.6
11671,7493.4
11672,9991.2
11673,7493.4
11674,24978
11675,29973.6
11676,17484.6
11677,7493.4
11678,2497.8
11679,9991.2
11680,17484.6
11681,17484.6
11682,4995.6
11683,17484.6
11684,14986.8
11685,12489
11686,0
11687,12489
11688,9991.2
11689,9991.2
11690,12489
11691,12489
11692,19982.4
11693,2497.8
11694,22480.2
11695,14986.8
11696,2497.8
11697,9991.2
11698,9991.2
11699,24978
11700,2497.8
11701,4995.6
11702,24978
11703,4995.6
11704,7493.4
11705,9991.2
11706,2497.8
11707,7493.4
11708,4995.6
11709,32471.4
11710,14986.8
11711,32471.4
11712,0
11713,4995.6
11714,14986.8
11715,14986.8
11716,0
11717,7493.4
11718,19982.4
11719,17484.6
11720,14986.8
11721,12489
11722,9991.2
11723,9991.2
11724,7493.4
11725,12489
11726,7493.4
11727,12489
11728,7493.4
11729,9991.2
11730,9991.2
11731,9991.2
11732,12489
11733,14986.8
11734,17484.6
11735,12489
11736,14986.8
11737,24978
11738,12489
11739,9991.2
11740,7493.4
11741,2497.8
11742,12489
11743,7493.4
11744,34969.2
11745,9991.2
11746,7493.4
11747,12489
11748,19982.4
11749,4995.6
11750,12489
11751,14986.8
11752,12489
11753,2497.8
11754,7493.4
11755,14986.8
11756,24978
11757,9991.2
11758,9991.2
11759,24978
11760,22480.2
11761,14986.8
11762,39964.8
11763,9991.2
11764,19982.4
11765,7493.4
11766,4995.6
11767,17484.6
11768,22480.2
11769,0
11770,7493.4
11771,4995.6
11772,2497.8
11773,2497.8
11774,14986.8
11775,12489
11776,9991.2
11777,22480.2
11778,14986.8
11779,4995.6
11780,9991.2
11781,4995.6
11782,22480.2
11783,12489
11784,14986.8
11785,7493.4
11786,7493.4
11787,17484.6
11788,9991.2
11789,2497.8
11790,7493.4
11791,9991.2
11792,22480.2
11793,12489
11794,7493.4
11795,14986.8
11796,19982.4
11797,12489
11798,17484.6
11799,12489
11800,12489
11801,24978
11802,7493.4
11803,2497.8
11804,14986.8
11805,17484.6
11806,12489
11807,4995.6
11808,27475.8
11809,7493.4
11810,2497.8
11811,27475.8
11812,2497.8
11813,4995.6
11814,2497.8
11815,12489
11816,7493.4
11817,14986.8
11818,24978
11819,29973.6
11820,7493.4
11821,0
11822,12489
11823,4995.6
11824,19982.4
11825,12489
11826,14986.8
11827,0
11828,9991.2
11829,12489
11830,4995.6
11831,29973.6
11832,12489
11833,7493.4
11834,12489
11835,12489
11836,29973.6
11837,34969.2
11838,4995.6
11839,22480.2
11840,0
11841,14986.8
11842,12489
11843,12489
11844,2497.8
11845,22480.2
11846,14986.8
11847,9991.2
11848,7493.4
11849,14986.8
11850,14986.8
11851,0
11852,12489
11853,22480.2
11854,2497.8
11855,9991.2
11856,37467
11857,12489
11858,4995.6
11859,4995.6
11860,14986.8
11861,22480.2
11862,9991.2
11863,7493.4
11864,27475.8
11865,2497.8
11866,4995.6
11867,2497.8
11868,29973.6
11869,9991.2
11870,12489
11871,7493.4
11872,9991.2
11873,9991.2
11874,2497.8
11875,29973.6
11876,7493.4
11877,9991.2
11878,9991.2
11879,7493.4
11880,12489
11881,4995.6
11882,17484.6
11883,2497.8
11884,2497.8
11885,2497.8
11886,17484.6
11887,2497.8
11888,12489
11889,4995.6
11890,27475.8
11891,7493.4
11892,9991.2
11893,9991.2
11894,17484.6
11895,7493.4
11896,9991.2
11897,12489
11898,7493.4
11899,9991.2
11900,9991.2
11901,19982.4
11902,0
11903,4995.6
11904,12489
11905,9991.2
11906,32471.4
11907,7493.4
11908,7493.4
11909,7493.4
11910,14986.8
11911,4995.6
11912,32471.4
11913,24978
11914,19982.4
11915,9991.2
11916,9991.2
11917,29973.6
11918,24978
11919,27475.8
11920,17484.6
11921,14986.8
11922,34969.2
11923,4995.6
11924,7493.4
11925,9991.2
11926,19982.4
11927,9991.2
11928,9991.2
11929,9991.2
11930,4995.6
11931,22480.2
11932,4995.6
11933,7493.4
11934,4995.6
11935,19982.4
11936,19982.4
11937,19982.4
11938,9991.2
11939,17484.6
11940,12489
11941,4995.6
11942,22480.2
11943,9991.2
11944,27475.8
11945,14986.8
11946,17484.6
11947,4995.6
11948,4995.6
11949,4995.6
11950,4995.6
11951,17484.6
11952,9991.2
11953,14986.8
11954,4995.6
11955,7493.4
11956,12489
11957,22480.2
11958,7493.4
11959,9991.2
11960,4995.6
11961,2497.8
11962,14986.8
11963,14986.8
11964,9991.2
11965,4995.6
11966,17484.6
11967,9991.2
11968,7493.4
11969,9991.2
11970,17484.6
11971,19982.4
11972,2497.8
11973,7493.4
11974,12489
11975,17484.6
11976,19982.4
11977,12489
11978,7493.4
11979,17484.6
11980,12489
11981,32471.4
11982,4995.6
11983,32471.4
11984,4995.6
11985,17484.6
11986,19982.4
11987,4995.6
11988,9991.2
11989,17484.6
11990,17484.6
11991,24978
11992,14986.8
11993,14986.8
11994,4995.6
11995,7493.4
11996,12489
11997,29973.6
11998,9991.2
11999,7493.4
12000,9991.2
12001,19982.4
12002,7493.4
12003,7493.4
12004,4995.6
12005,24978
12006,12489
12007,17484.6
12008,9991.2
12009,12489
12010,19982.4
12011,4995.6
12012,4995.6
12013,17484.6
12014,12489
12015,9991.2
12016,9991.2
12017,12489
12018,19982.4
12019,7493.4
12020,7493.4
12021,12489
12022,9991.2
12023,22480.2
12024,9991.2
12025,12489
12026,4995.6
12027,2497.8
12028,9991.2
12029,19982.4
12030,17484.6
12031,9991.2
12032,14986.8
12033,24978
12034,4995.6
12035,9991.2
12036,12489
12037,14986.8
12038,9991.2
12039,14986.8
12040,4995.6
12041,14986.8
12042,9991.2
12043,9991.2
12044,9991.2
12045,12489
12046,14986.8
12047,9991.2
12048,14986.8
12049,19982.4
12050,4995.6
12051,17484.6
12052,22480.2
12053,17484.6
12054,17484.6
12055,12489
12056,0
12057,7493.4
12058,9991.2
12059,4995.6
12060,4995.6
12061,19982.4
12062,4995.6
12063,9991.2
12064,37467
12065,17484.6
12066,9991.2
12067,9991.2
12068,14986.8
12069,2497.8
12070,14986.8
12071,9991.2
12072,12489
12073,2497.8
12074,7493.4
12075,12489
12076,9991.2
12077,0
12078,4995.6
12079,17484.6
12080,4995.6
12081,9991.2
12082,12489
12083,7493.4
12084,9991.2
12085,14986.8
12086,7493.4
12087,27475.8
12088,9991.2
12089,0
12090,4995.6
12091,22480.2
12092,14986.8
12093,19982.4
12094,4995.6
12095,7493.4
12096,2497.8
12097,19982.4
12098,7493.4
12099,9991.2
12100,12489
12101,7493.4
12102,14986.8
12103,4995.6
12104,0
12105,2497.8
12106,4995.6
12107,24978
12108,7493.4
12109,22480.2
12110,17484.6
12111,7493.4
12112,9991.2
12113,4995.6
12114,12489
12115,7493.4
12116,4995.6
12117,7493.4
12118,14986.8
12119,9991.2
12120,14986.8
12121,14986.8
12122,7493.4
12123,19982.4
12124,17484.6
12125,2497.8
12126,29973.6
12127,12489
12128,27475.8
12129,12489
12130,2497.8
12131,32471.4
12132,22480.2
12133,4995.6
12134,44960.4
12135,7493.4
12136,7493.4
12137,14986.8
12138,19982.4
12139,9991.2
12140,4995.6
12141,9991.2
12142,7493.4
12143,14986.8
12144,9991.2
12145,4995.6
12146,9991.2
12147,2497.8
12148,24978
12149,14986.8
12150,2497.8
12151,17484.6
12152,12489
12153,19982.4
12154,7493.4
12155,4995.6
12156,17484.6
12157,2497.8
12158,0
12159,12489
12160,22480.2
12161,9991.2
12162,27475.8
12163,4995.6
12164,14986.8
12165,9991.2
12166,4995.6
12167,14986.8
12168,4995.6
12169,12489
12170,9991.2
12171,17484.6
12172,7493.4
12173,9991.2
12174,7493.4
12175,2497.8
12176,9991.2
12177,22480.2
12178,4995.6
12179,7493.4
12180,24978
12181,12489
12182,14986.8
12183,17484.6
12184,12489
12185,4995.6
12186,7493.4
12187,24978
12188,17484.6
12189,12489
12190,14986.8
12191,2497.8
12192,9991.2
12193,19982.4
12194,9991.2
12195,12489
12196,4995.6
12197,37467
12198,2497.8
12199,17484.6
12200,7493.4
12201,27475.8
12202,4995.6
12203,9991.2
12204,14986.8
12205,4995.6
12206,9991.2
12207,17484.6
12208,22480.2
12209,17484.6
12210,22480.2
12211,9991.2
12212,7493.4
12213,34969.2
12214,0
12215,9991.2
12216,12489
12217,2497.8
12218,12489
12219,9991.2
12220,0
12221,24978
12222,17484.6
12223,4995.6
12224,14986.8
12225,2497.8
12226,2497.8
12227,17484.6
12228,12489
12229,2497.8
12230,7493.4
12231,4995.6
12232,12489
12233,9991.2
12234,7493.4
12235,12489
12236,9991.2
12237,9991.2
12238,2497.8
12239,9991.2
12240,14986.8
12241,2497.8
12242,12489
12243,14986.8
12244,0
12245,22480.2
12246,7493.4
12247,19982.4
12248,22480.2
12249,19982.4
12250,14986.8
12251,7493.4
12252,12489
12253,12489
12254,0
12255,4995.6
12256,4995.6
12257,14986.8
12258,0
12259,39964.8
12260,24978
12261,9991.2
12262,4995.6
12263,2497.8
12264,12489
12265,7493.4
12266,12489
12267,22480.2
12268,14986.8
12269,4995.6
12270,9991.2
12271,9991.2
12272,7493.4
12273,7493.4
12274,22480.2
12275,12489
12276,17484.6
12277,14986.8
12278,2497.8
12279,29973.6
12280,2497.8
12281,7493.4
12282,7493.4
12283,9991.2
12284,12489
12285,17484.6
12286,29973.6
12287,7493.4
12288,12489
12289,4995.6
12290,12489
12291,9991.2
12292,17484.6
12293,4995.6
12294,19982.4
12295,2497.8
12296,4995.6
12297,2497.8
12298,19982.4
12299,7493.4
12300,29973.6
12301,7493.4
12302,17484.6
12303,7493.4
12304,17484.6
12305,2497.8
12306,9991.2
12307,24978
12308,9991.2
12309,7493.4
12310,19982.4
12311,9991.2
12312,0
12313,17484.6
12314,27475.8
12315,32471.4
12316,17484.6
12317,19982.4
12318,12489
12319,24978
12320,12489
12321,4995.6
12322,22480.2
12323,2497.8
12324,9991.2
12325,14986.8
12326,19982.4
12327,7493.4
12328,7493.4
12329,19982.4
12330,7493.4
12331,7493.4
12332,9991.2
12333,14986.8
12334,7493.4
12335,14986.8
12336,37467
12337,9991.2
12338,17484.6
12339,9991.2
12340,2497.8
12341,27475.8
12342,4995.6
12343,4995.6
12344,7493.4
12345,12489
12346,9991.2
12347,17484.6
12348,7493.4
12349,12489
12350,12489
12351,2497.8
12352,7493.4
12353,17484.6
12354,17484.6
12355,17484.6
12356,7493.4
12357,12489
12358,14986.8
12359,12489
12360,7493.4
12361,4995.6
12362,14986.8
12363,4995.6
12364,0
12365,14986.8
12366,9991.2
12367,7493.4
12368,17484.6
12369,14986.8
12370,14986.8
12371,7493.4
12372,12489
12373,14986.8
12374,7493.4
12375,19982.4
12376,9991.2
12377,14986.8
12378,14986.8
12379,19982.4
12380,14986.8
12381,7493.4
12382,7493.4
12383,12489
12384,14986.8
12385,24978
12386,24978
12387,19982.4
12388,0
12389,12489
12390,9991.2
12391,27475.8
12392,4995.6
12393,7493.4
12394,0
12395,7493.4
12396,9991.2
12397,14986.8
12398,22480.2
12399,17484.6
12400,7493.4
12401,9991.2
12402,29973.6
12403,12489
12404,4995.6
12405,9991.2
12406,17484.6
12407,4995.6
12408,14986.8
12409,9991.2
12410,17484.6
12411,9991.2
12412,4995.6
12413,9991.2
12414,7493.4
12415,19982.4
12416,19982.4
12417,24978
12418,2497.8
12419,19982.4
12420,2497.8
12421,14986.8
12422,24978
12423,14986.8
12424,2497.8
12425,17484.6
12426,14986.8
12427,22480.2
12428,9991.2
12429,2497.8
12430,14986.8
12431,14986.8
12432,9991.2
12433,7493.4
12434,12489
12435,19982.4
12436,19982.4
12437,12489
12438,4995.6
12439,14986.8
12440,9991.2
12441,4995.6
12442,4995.6
12443,22480.2
12444,7493.4
12445,7493.4
12446,24978
12447,14986.8
12448,14986.8
12449,7493.4
12450,14986.8
12451,7493.4
12452,12489
12453,14986.8
12454,2497.8
12455,22480.2
12456,7493.4
12457,9991.2
12458,19982.4
12459,19982.4
12460,12489
12461,2497.8
12462,22480.2
12463,17484.6
12464,27475.8
12465,19982.4
12466,27475.8
12467,17484.6
12468,12489
12469,9991.2
12470,14986.8
12471,2497.8
12472,9991.2
12473,2497.8
12474,0
12475,14986.8
12476,7493.4
12477,14986.8
12478,9991.2
12479,14986.8
12480,0
12481,4995.6
12482,12489
12483,12489
12484,9991.2
12485,2497.8
12486,7493.4
12487,17484.6
12488,7493.4
12489,9991.2
12490,14986.8
12491,4995.6
12492,4995.6
12493,9991.2
12494,12489
12495,19982.4
12496,7493.4
12497,7493.4
12498,2497.8
12499,29973.6
12500,7493.4
12501,7493.4
12502,14986.8
12503,17484.6
12504,4995.6
12505,19982.4
12506,19982.4
12507,14986.8
12508,27475.8
12509,9991.2
12510,7493.4
12511,2497.8
12512,12489
12513,32471.4
12514,0
12515,14986.8
12516,12489
12517,12489
12518,9991.2
12519,19982.4
12520,4995.6
12521,9991.2
12522,9991.2
12523,9991.2
12524,9991.2
12525,22480.2
12526,14986.8
12527,12489
12528,7493.4
12529,17484.6
12530,7493.4
12531,4995.6
12532,14986.8
12533,14986.8
12534,17484.6
12535,9991.2
12536,12489
12537,19982.4
12538,24978
12539,2497.8
12540,14986.8
12541,9991.2
12542,17484.6
12543,2497.8
12544,22480.2
12545,9991.2
12546,19982.4
12547,9991.2
12548,17484.6
12549,4995.6
12550,12489
12551,22480.2
12552,2497.8
12553,7493.4
12554,4995.6
12555,22480.2
12556,0
12557,22480.2
12558,4995.6
12559,17484.6
12560,2497.8
12561,2497.8
12562,9991.2
12563,14986.8
12564,27475.8
12565,2497.8
12566,12489
12567,32471.4
12568,27475.8
12569,4995.6
12570,24978
12571,7493.4
12572,4995.6
12573,12489
12574,19982.4
12575,2497.8
12576,0
12577,12489
12578,14986.8
12579,12489
12580,19982.4
12581,4995.6
12582,39964.8
12583,19982.4
12584,2497.8
12585,9991.2
12586,17484.6
12587,7493.4
12588,17484.6
12589,7493.4
12590,22480.2
12591,22480.2
12592,17484.6
12593,12489
12594,7493.4
12595,14986.8
12596,12489
12597,39964.8
12598,14986.8
12599,14986.8
12600,27475.8
12601,4995.6
12602,9991.2
12603,12489
12604,9991.2
12605,24978
12606,7493.4
12607,12489
12608,4995.6
12609,7493.4
12610,2497.8
12611,27475.8
12612,7493.4
12613,14986.8
12614,19982.4
12615,2497.8
12616,4995.6
12617,12489
12618,14986.8
12619,7493.4
12620,24978
12621,19982.4
12622,0
12623,7493.4
12624,12489
12625,32471.4
12626,19982.4
12627,17484.6
12628,22480.2
12629,4995.6
12630,14986.8
12631,0
12632,12489
12633,4995.6
12634,19982.4
12635,19982.4
12636,7493.4
12637,12489
12638,0
12639,27475.8
12640,19982.4
12641,19982.4
12642,17484.6
12643,9991.2
12644,4995.6
12645,4995.6
12646,12489
12647,32471.4
12648,14986.8
12649,2497.8
12650,32471.4
12651,9991.2
12652,27475.8
12653,14986.8
12654,12489
12655,19982.4
12656,4995.6
12657,14986.8
12658,4995.6
12659,2497.8
12660,12489
12661,0
12662,12489
12663,24978
12664,29973.6
12665,4995.6
12666,9991.2
12667,4995.6
12668,14986.8
12669,7493.4
12670,17484.6
12671,14986.8
12672,12489
12673,17484.6
12674,19982.4
12675,2497.8
12676,12489
12677,4995.6
12678,32471.4
12679,14986.8
12680,12489
12681,7493.4
12682,22480.2
12683,12489
12684,7493.4
12685,7493.4
12686,24978
12687,9991.2
12688,2497.8
12689,2497.8
12690,12489
12691,17484.6
12692,12489
12693,12489
12694,29973.6
12695,17484.6
12696,7493.4
12697,17484.6
12698,14986.8
12699,7493.4
12700,9991.2
12701,9991.2
12702,7493.4
12703,9991.2
12704,7493.4
12705,4995.6
12706,17484.6
12707,2497.8
12708,22480.2
12709,12489
12710,9991.2
12711,12489
12712,7493.4
12713,2497.8
12714,14986.8
12715,32471.4
12716,4995.6
12717,12489
12718,42462.6
12719,7493.4
12720,7493.4
12721,27475.8
12722,17484.6
12723,2497.8
12724,24978
12725,14986.8
12726,14986.8
12727,17484.6
12728,4995.6
12729,7493.4
12730,22480.2
12731,9991.2
12732,7493.4
12733,9991.2
12734,9991.2
12735,0
12736,2497.8
12737,7493.4
12738,4995.6
12739,12489
12740,4995.6
12741,7493.4
12742,7493.4
12743,4995.6
12744,14986.8
12745,12489
12746,19982.4
12747,17484.6
12748,0
12749,17484.6
12750,9991.2
12751,14986.8
12752,17484.6
12753,4995.6
12754,14986.8
12755,24978
12756,29973.6
12757,17484.6
12758,2497.8
12759,12489
12760,7493.4
12761,19982.4
12762,14986.8
12763,4995.6
12764,19982.4
12765,9991.2
12766,12489
12767,7493.4
12768,17484.6
12769,9991.2
12770,17484.6
12771,17484.6
12772,32471.4
12773,7493.4
12774,27475.8
12775,7493.4
12776,17484.6
12777,4995.6
12778,17484.6
12779,4995.6
12780,7493.4
12781,7493.4
12782,9991.2
12783,17484.6
12784,4995.6
12785,12489
12786,17484.6
12787,2497.8
12788,19982.4
12789,12489
12790,12489
12791,19982.4
12792,17484.6
12793,7493.4
12794,17484.6
12795,14986.8
12796,9991.2
12797,14986.8
12798,4995.6
12799,7493.4
12800,2497.8
12801,22480.2
12802,32471.4
12803,32471.4
12804,12489
12805,14986.8
12806,24978
12807,9991.2
12808,7493.4
12809,2497.8
12810,24978
12811,12489
12812,0
12813,17484.6
12814,19982.4
12815,14986.8
12816,2497.8
12817,14986.8
12818,7493.4
12819,14986.8
12820,7493.4
12821,14986.8
12822,9991.2
12823,22480.2
12824,4995.6
12825,2497.8
12826,4995.6
12827,12489
12828,7493.4
12829,19982.4
12830,17484.6
12831,12489
12832,12489
12833,2497.8
12834,9991.2
12835,12489
12836,4995.6
12837,17484.6
12838,12489
12839,12489
12840,12489
12841,7493.4
12842,37467
12843,14986.8
12844,9991.2
12845,14986.8
12846,0
12847,12489
12848,12489
12849,7493.4
12850,4995.6
12851,7493.4
12852,7493.4
12853,27475.8
12854,12489
12855,14986.8
12856,12489
12857,4995.6
12858,9991.2
12859,14986.8
12860,2497.8
12861,12489
12862,4995.6
12863,0
12864,22480.2
12865,14986.8
12866,2497.8
12867,19982.4
12868,7493.4
12869,4995.6
12870,14986.8
12871,2497.8
12872,14986.8
12873,12489
12874,24978
12875,14986.8
12876,14986.8
12877,17484.6
12878,12489
12879,7493.4
12880,9991.2
12881,12489
12882,19982.4
12883,7493.4
12884,37467
12885,12489
12886,2497.8
12887,19982.4
12888,2497.8
12889,34969.2
12890,27475.8
12891,7493.4
12892,22480.2
12893,9991.2
12894,4995.6
12895,17484.6
12896,12489
12897,12489
12898,14986.8
12899,12489
12900,9991.2
12901,12489
12902,14986.8
12903,2497.8
12904,14986.8
12905,4995.6
12906,4995.6
12907,4995.6
12908,2497.8
12909,22480.2
12910,14986.8
12911,12489
12912,22480.2
12913,14986.8
12914,12489
12915,24978
12916,7493.4
12917,12489
12918,9991.2
12919,22480.2
12920,12489
12921,9991.2
12922,9991.2
12923,7493.4
12924,9991.2
12925,14986.8
12926,14986.8
12927,7493.4
12928,37467
12929,27475.8
12930,4995.6
12931,4995.6
12932,19982.4
12933,22480.2
12934,2497.8
12935,17484.6
12936,7493.4
12937,14986.8
12938,4995.6
12939,2497.8
12940,14986.8
12941,7493.4
12942,7493.4
12943,7493.4
12944,7493.4
12945,14986.8
12946,7493.4
12947,17484.6
12948,2497.8
12949,0
12950,12489
12951,7493.4
12952,17484.6
12953,12489
12954,9991.2
12955,22480.2
12956,17484.6
12957,2497.8
12958,4995.6
12959,0
12960,17484.6
12961,7493.4
12962,4995.6
12963,9991.2
12964,4995.6
12965,0
12966,2497.8
12967,4995.6
12968,7493.4
12969,17484.6
12970,27475.8
12971,19982.4
12972,4995.6
12973,9991.2
12974,9991.2
12975,4995.6
12976,14986.8
12977,27475.8
12978,9991.2
12979,9991.2
12980,4995.6
12981,14986.8
12982,12489
12983,9991.2
12984,0
12985,9991.2
12986,7493.4
12987,4995.6
12988,32471.4
12989,12489
12990,17484.6
12991,2497.8
12992,24978
12993,22480.2
12994,7493.4
12995,0
12996,12489
12997,9991.2
12998,14986.8
12999,4995.6
13000,2497.8
13001,9991.2
13002,24978
13003,4995.6
13004,4995.6
13005,4995.6
13006,4995.6
13007,12489
13008,19982.4
13009,7493.4
13010,14986.8
13011,14986.8
13012,4995.6
13013,4995.6
13014,7493.4
13015,14986.8
13016,7493.4
13017,2497.8
13018,29973.6
13019,9991.2
13020,17484.6
13021,7493.4
13022,7493.4
13023,0
13024,22480.2
13025,12489
13026,19982.4
13027,4995.6
13028,14986.8
13029,17484.6
13030,22480.2
13031,9991.2
13032,12489
13033,12489
13034,19982.4
13035,12489
13036,22480.2
13037,7493.4
13038,14986.8
13039,9991.2
13040,27475.8
13041,12489
13042,0
13043,17484.6
13044,14986.8
13045,17484.6
13046,9991.2
13047,7493.4
13048,14986.8
13049,14986.8
13050,24978
13051,2497.8
13052,4995.6
13053,4995.6
13054,14986.8
13055,9991.2
13056,19982.4
13057,9991.2
13058,19982.4
13059,2497.8
13060,22480.2
13061,7493.4
13062,4995.6
13063,29973.6
13064,7493.4
13065,14986.8
13066,27475.8
13067,2497.8
13068,12489
13069,17484.6
13070,12489
13071,2497.8
13072,4995.6
13073,27475.8
13074,14986.8
13075,9991.2
13076,12489
13077,9991.2
13078,12489
13079,14986.8
13080,7493.4
13081,4995.6
13082,34969.2
13083,7493.4
13084,7493.4
13085,7493.4
13086,9991.2
13087,2497.8
13088,9991.2
13089,14986.8
13090,7493.4
13091,14986.8
13092,2497.8
13093,24978
13094,2497.8
13095,27475.8
13096,17484.6
13097,14986.8
13098,7493.4
13099,12489
13100,4995.6
13101,12489
13102,9991.2
13103,9991.2
13104,14986.8
13105,2497.8
13106,7493.4
13107,7493.4
13108,9991.2
13109,12489
13110,24978
13111,9991.2
13112,7493.4
13113,7493.4
13114,19982.4
13115,4995.6
13116,14986.8
13117,17484.6
13118,14986.8
13119,9991.2
13120,19982.4
13121,9991.2
13122,17484.6
13123,4995.6
13124,7493.4
13125,4995.6
13126,14986.8
13127,7493.4
13128,17484.6
13129,7493.4
13130,7493.4
13131,17484.6
13132,9991.2
13133,17484.6
13134,7493.4
13135,24978
13136,4995.6
13137,9991.2
13138,14986.8
13139,27475.8
13140,14986.8
13141,7493.4
13142,4995.6
13143,17484.6
13144,12489
13145,9991.2
13146,12489
13147,7493.4
13148,7493.4
13149,19982.4
13150,12489
13151,12489
13152,7493.4
13153,12489
13154,4995.6
13155,0
13156,2497.8
13157,24978
13158,0
13159,12489
13160,2497.8
13161,19982.4
13162,9991.2
13163,24978
13164,4995.6
13165,7493.4
13166,12489
13167,14986.8
13168,17484.6
13169,19982.4
13170,32471.4
13171,7493.4
13172,4995.6
13173,14986.8
13174,9991.2
13175,39964.8
13176,4995.6
13177,2497.8
13178,2497.8
13179,12489
13180,7493.4
13181,4995.6
13182,19982.4
13183,2497.8
13184,12489
13185,4995.6
13186,19982.4
13187,14986.8
13188,12489
13189,9991.2
13190,9991.2
13191,14986.8
13192,24978
13193,22480.2
13194,7493.4
13195,24978
13196,24978
13197,12489
13198,27475.8
13199,2497.8
13200,7493.4
13201,39964.8
13202,9991.2
13203,22480.2
13204,24978
13205,0
13206,9991.2
13207,9991.2
13208,9991.2
13209,7493.4
13210,4995.6
13211,29973.6
13212,12489
13213,12489
13214,24978
13215,0
13216,7493.4
13217,2497.8
13218,12489
13219,12489
13220,14986.8
13221,7493.4
13222,22480.2
13223,9991.2
13224,14986.8
13225,22480.2
13226,7493.4
13227,7493.4
13228,32471.4
13229,12489
13230,9991.2
13231,9991.2
13232,14986.8
13233,14986.8
13234,24978
13235,4995.6
13236,14986.8
13237,24978
13238,12489
13239,7493.4
13240,7493.4
13241,9991.2
13242,7493.4
13243,22480.2
13244,0
13245,4995.6
13246,7493.4
13247,12489
13248,4995.6
13249,14986.8
13250,9991.2
13251,7493.4
13252,9991.2
13253,14986.8
13254,22480.2
13255,12489
13256,7493.4
13257,9991.2
13258,7493.4
13259,2497.8
13260,2497.8
13261,4995.6
13262,7493.4
13263,24978
13264,27475.8
13265,12489
13266,4995.6
13267,2497.8
13268,12489
13269,19982.4
13270,14986.8
13271,17484.6
13272,22480.2
13273,4995.6
13274,2497.8
13275,2497.8
13276,4995.6
13277,19982.4
13278,17484.6
13279,7493.4
13280,7493.4
13281,14986.8
13282,22480.2
13283,12489
13284,2497.8
13285,9991.2
13286,4995.6
13287,4995.6
13288,22480.2
13289,22480.2
13290,12489
13291,7493.4
13292,4995.6
13293,4995.6
13294,14986.8
13295,12489
13296,22480.2
13297,12489
13298,12489
13299,19982.4
13300,7493.4
13301,14986.8
13302,12489
13303,19982.4
13304,4995.6
13305,14986.8
13306,17484.6
13307,12489
13308,2497.8
13309,7493.4
13310,12489
13311,7493.4
13312,9991.2
13313,7493.4
13314,27475.8
13315,14986.8
13316,9991.2
13317,24978
13318,12489
13319,17484.6
13320,9991.2
13321,19982.4
13322,7493.4
13323,4995.6
13324,19982.4
13325,9991.2
13326,19982.4
13327,4995.6
13328,12489
13329,9991.2
13330,12489
13331,17484.6
13332,7493.4
13333,27475.8
13334,14986.8
13335,2497.8
13336,2497.8
13337,27475.8
13338,27475.8
13339,4995.6
13340,34969.2
13341,2497.8
13342,4995.6
13343,24978
13344,4995.6
13345,7493.4
13346,0
13347,7493.4
13348,4995.6
13349,22480.2
13350,0
13351,17484.6
13352,4995.6
13353,9991.2
13354,17484.6
13355,24978
13356,17484.6
13357,27475.8
13358,7493.4
13359,14986.8
13360,17484.6
13361,14986.8
13362,22480.2
13363,14986.8
13364,7493.4
13365,2497.8
13366,12489
13367,37467
13368,24978
13369,12489
13370,14986.8
13371,12489
13372,4995.6
13373,22480.2
13374,14986.8
13375,19982.4
13376,17484.6
13377,4995.6
13378,39964.8
13379,9991.2
13380,14986.8
13381,14986.8
13382,7493.4
13383,22480.2
13384,4995.6
13385,14986.8
13386,14986.8
13387,12489
13388,2497.8
13389,17484.6
13390,9991.2
13391,22480.2
13392,12489
13393,2497.8
13394,7493.4
13395,7493.4
13396,14986.8
13397,0
13398,17484.6
13399,12489
13400,19982.4
13401,2497.8
13402,29973.6
13403,0
13404,24978
13405,9991.2
13406,7493.4
13407,0
13408,7493.4
13409,7493.4
13410,2497.8
13411,12489
13412,9991.2
13413,27475.8
13414,2497.8
13415,4995.6
13416,12489
13417,29973.6
13418,19982.4
13419,12489
13420,9991.2
13421,2497.8
13422,9991.2
13423,9991.2
13424,9991.2
13425,12489
13426,4995.6
13427,7493.4
13428,9991.2
13429,4995.6
13430,0
13431,4995.6
13432,17484.6
13433,22480.2
13434,7493.4
13435,12489
13436,9991.2
13437,7493.4
13438,4995.6
13439,22480.2
13440,22480.2
13441,17484.6
13442,22480.2
13443,7493.4
13444,0
13445,9991.2
13446,7493.4
13447,17484.6
13448,7493.4
13449,12489
13450,9991.2
13451,9991.2
13452,12489
13453,14986.8
13454,7493.4
13455,29973.6
13456,12489
13457,9991.2
13458,4995.6
13459,2497.8
13460,2497.8
13461,22480.2
13462,7493.4
13463,14986.8
13464,4995.6
13465,12489
13466,22480.2
13467,27475.8
13468,14986.8
13469,14986.8
13470,9991.2
13471,7493.4
13472,7493.4
13473,24978
13474,4995.6
13475,12489
13476,7493.4
13477,14986.8
13478,4995.6
13479,27475.8
13480,9991.2
13481,14986.8
13482,17484.6
13483,2497.8
13484,9991.2
13485,12489
13486,9991.2
13487,27475.8
13488,12489
13489,17484.6
13490,4995.6
13491,12489
13492,9991.2
13493,4995.6
13494,14986.8
13495,7493.4
13496,2497.8
13497,4995.6
13498,9991.2
13499,14986.8
13500,7493.4
13501,12489
13502,4995.6
13503,12489
13504,19982.4
13505,17484.6
13506,4995.6
13507,2497.8
13508,12489
13509,4995.6
13510,9991.2
13511,29973.6
13512,7493.4
13513,2497.8
13514,17484.6
13515,17484.6
13516,9991.2
13517,2497.8
13518,9991.2
13519,7493.4
13520,7493.4
13521,7493.4
13522,9991.2
13523,0
13524,2497.8
13525,14986.8
13526,14986.8
13527,34969.2
13528,9991.2
13529,4995.6
13530,7493.4
13531,7493.4
13532,2497.8
13533,17484.6
13534,22480.2
13535,7493.4
13536,12489
13537,12489
13538,9991.2
13539,14986.8
13540,22480.2
13541,9991.2
13542,9991.2
13543,9991.2
13544,19982.4
13545,12489
13546,14986.8
13547,37467
13548,17484.6
13549,12489
13550,19982.4
13551,4995.6
13552,14986.8
13553,24978
13554,4995.6
13555,9991.2
13556,7493.4
13557,4995.6
13558,9991.2
13559,2497.8
13560,9991.2
13561,4995.6
13562,4995.6
13563,12489
13564,14986.8
13565,12489
13566,9991.2
13567,7493.4
13568,4995.6
13569,7493.4
13570,9991.2
13571,2497.8
13572,17484.6
13573,4995.6
13574,9991.2
13575,2497.8
13576,12489
13577,17484.6
13578,9991.2
13579,4995.6
13580,7493.4
13581,22480.2
13582,12489
13583,2497.8
13584,17484.6
13585,9991.2
13586,12489
13587,0
13588,12489
13589,19982.4
13590,19982.4
13591,7493.4
13592,7493.4
13593,7493.4
13594,7493.4
13595,9991.2
13596,9991.2
13597,7493.4
13598,4995.6
13599,24978
13600,19982.4
13601,12489
13602,17484.6
13603,12489
13604,2497.8
13605,14986.8
13606,0
13607,9991.2
13608,12489
13609,4995.6
13610,14986.8
13611,9991.2
13612,9991.2
13613,7493.4
13614,7493.4
13615,12489
13616,19982.4
13617,24978
13618,12489
13619,14986.8
13620,0
13621,7493.4
13622,24978
13623,2497.8
13624,9991.2
13625,12489
13626,2497.8
13627,2497.8
13628,12489
13629,2497.8
13630,22480.2
13631,17484.6
13632,22480.2
13633,9991.2
13634,57449.4
13635,12489
13636,9991.2
13637,7493.4
13638,29973.6
13639,7493.4
13640,7493.4
13641,14986.8
13642,2497.8
13643,12489
13644,12489
13645,17484.6
13646,7493.4
13647,9991.2
13648,12489
13649,7493.4
13650,0
13651,14986.8
13652,12489
13653,7493.4
13654,17484.6
13655,2497.8
13656,22480.2
13657,17484.6
13658,9991.2
13659,7493.4
13660,4995.6
13661,4995.6
13662,12489
13663,17484.6
13664,17484.6
13665,4995.6
13666,7493.4
13667,9991.2
13668,19982.4
13669,7493.4
13670,7493.4
13671,9991.2
13672,14986.8
13673,22480.2
13674,27475.8
13675,9991.2
13676,4995.6
13677,9991.2
13678,9991.2
13679,9991.2
13680,12489
13681,4995.6
13682,4995.6
13683,4995.6
13684,2497.8
13685,17484.6
13686,12489
13687,7493.4
13688,4995.6
13689,2497.8
13690,9991.2
13691,7493.4
13692,12489
13693,12489
13694,19982.4
13695,34969.2
13696,9991.2
13697,14986.8
13698,9991.2
13699,22480.2
13700,12489
13701,24978
13702,14986.8
13703,4995.6
13704,17484.6
13705,19982.4
13706,7493.4
13707,2497.8
13708,4995.6
13709,4995.6
13710,7493.4
13711,22480.2
13712,14986.8
13713,12489
13714,7493.4
13715,9991.2
13716,19982.4
13717,17484.6
13718,19982.4
13719,7493.4
13720,4995.6
13721,4995.6
13722,9991.2
13723,9991.2
13724,9991.2
13725,4995.6
13726,17484.6
13727,7493.4
13728,4995.6
13729,24978
13730,7493.4
13731,4995.6
13732,2497.8
13733,7493.4
13734,12489
13735,4995.6
13736,2497.8
13737,12489
13738,12489
13739,12489
13740,7493.4
13741,27475.8
13742,2497.8
13743,17484.6
13744,12489
13745,34969.2
13746,17484.6
13747,14986.8
13748,2497.8
13749,7493.4
13750,7493.4
13751,17484.6
13752,4995.6
13753,9991.2
13754,2497.8
13755,19982.4
13756,9991.2
13757,14986.8
13758,4995.6
13759,7493.4
13760,4995.6
13761,29973.6
13762,2497.8
13763,12489
13764,19982.4
13765,9991.2
13766,7493.4
13767,9991.2
13768,9991.2
13769,12489
13770,24978
13771,27475.8
13772,12489
13773,22480.2
13774,19982.4
13775,24978
13776,7493.4
13777,7493.4
13778,4995.6
13779,14986.8
13780,19982.4
13781,0
13782,9991.2
13783,7493.4
13784,12489
13785,12489
13786,4995.6
13787,19982.4
13788,2497.8
13789,2497.8
13790,2497.8
13791,12489
13792,2497.8
13793,4995.6
13794,27475.8
13795,4995.6
13796,7493.4
13797,14986.8
13798,9991.2
13799,12489
13800,12489
13801,4995.6
13802,14986.8
13803,19982.4
13804,9991.2
13805,27475.8
13806,4995.6
13807,17484.6
13808,7493.4
13809,2497.8
13810,4995.6
13811,14986.8
13812,9991.2
13813,22480.2
13814,9991.2
13815,24978
13816,4995.6
13817,4995.6
13818,4995.6
13819,9991.2
13820,9991.2
13821,17484.6
13822,9991.2
13823,27475.8
13824,17484.6
13825,0
13826,7493.4
13827,17484.6
13828,17484.6
13829,2497.8
13830,2497.8
13831,24978
13832,19982.4
13833,19982.4
13834,12489
13835,14986.8
13836,7493.4
13837,24978
13838,17484.6
13839,12489
13840,14986.8
13841,9991.2
13842,4995.6
13843,9991.2
13844,14986.8
13845,14986.8
13846,12489
13847,24978
13848,9991.2
13849,7493.4
13850,4995.6
13851,7493.4
13852,12489
13853,7493.4
13854,0
13855,9991.2
13856,17484.6
13857,27475.8
13858,27475.8
13859,17484.6
13860,14986.8
13861,4995.6
13862,22480.2
13863,7493.4
13864,22480.2
13865,19982.4
13866,17484.6
13867,7493.4
13868,9991.2
13869,14986.8
13870,9991.2
13871,4995.6
13872,9991.2
13873,19982.4
13874,17484.6
13875,4995.6
13876,4995.6
13877,12489
13878,19982.4
13879,2497.8
13880,24978
13881,9991.2
13882,19982.4
13883,14986.8
13884,7493.4
13885,14986.8
13886,4995.6
13887,2497.8
13888,14986.8
13889,9991.2
13890,22480.2
13891,2497.8
13892,2497.8
13893,2497.8
13894,22480.2
13895,9991.2
13896,2497.8
13897,0
13898,12489
13899,7493.4
13900,9991.2
13901,17484.6
13902,7493.4
13903,2497.8
13904,14986.8
13905,17484.6
13906,22480.2
13907,29973.6
13908,19982.4
13909,19982.4
13910,0
13911,9991.2
13912,14986.8
13913,24978
13914,4995.6
13915,9991.2
13916,7493.4
13917,9991.2
13918,9991.2
13919,7493.4
13920,7493.4
13921,17484.6
13922,2497.8
13923,0
13924,12489
13925,19982.4
13926,9991.2
13927,17484.6
13928,4995.6
13929,19982.4
13930,14986.8
13931,7493.4
13932,12489
13933,14986.8
13934,7493.4
13935,7493.4
13936,7493.4
13937,9991.2
13938,9991.2
13939,2497.8
13940,14986.8
13941,32471.4
13942,7493.4
13943,7493.4
13944,4995.6
13945,4995.6
13946,9991.2
13947,2497.8
13948,24978
13949,19982.4
13950,2497.8
13951,14986.8
13952,4995.6
13953,14986.8
13954,4995.6
13955,4995.6
13956,7493.4
13957,7493.4
13958,9991.2
13959,27475.8
13960,24978
13961,24978
13962,9991.2
13963,4995.6
13964,7493.4
13965,17484.6
13966,0
13967,14986.8
13968,12489
13969,4995.6
13970,12489
13971,4995.6
13972,19982.4
13973,12489
13974,14986.8
13975,14986.8
13976,7493.4
13977,9991.2
13978,9991.2
13979,12489
13980,2497.8
13981,19982.4
13982,9991.2
13983,14986.8
13984,7493.4
13985,14986.8
13986,32471.4
13987,7493.4
13988,17484.6
13989,22480.2
13990,4995.6
13991,24978
13992,12489
13993,7493.4
13994,19982.4
13995,2497.8
13996,32471.4
13997,17484.6
13998,7493.4
13999,14986.8
14000,17484.6
14001,17484.6
14002,14986.8
14003,14986.8
14004,14986.8
14005,27475.8
14006,12489
14007,4995.6
14008,2497.8
14009,9991.2
14010,2497.8
14011,24978
14012,12489
14013,32471.4
14014,19982.4
14015,12489
14016,2497.8
14017,12489
14018,4995.6
14019,9991.2
14020,32471.4
14021,7493.4
14022,24978
14023,12489
14024,12489
14025,12489
14026,24978
14027,4995.6
14028,9991.2
14029,2497.8
14030,2497.8
14031,14986.8
14032,17484.6
14033,7493.4
14034,22480.2
14035,34969.2
14036,7493.4
14037,2497.8
14038,7493.4
14039,27475.8
14040,24978
14041,14986.8
14042,34969.2
14043,22480.2
14044,12489
14045,7493.4
14046,2497.8
14047,2497.8
14048,9991.2
14049,2497.8
14050,4995.6
14051,19982.4
14052,7493.4
14053,4995.6
14054,7493.4
14055,12489
14056,29973.6
14057,9991.2
14058,7493.4
14059,9991.2
14060,2497.8
14061,14986.8
14062,14986.8
14063,24978
14064,24978
14065,19982.4
14066,32471.4
14067,7493.4
14068,14986.8
14069,14986.8
14070,9991.2
14071,14986.8
14072,9991.2
14073,24978
14074,19982.4
14075,7493.4
14076,4995.6
14077,12489
14078,22480.2
14079,19982.4
14080,9991.2
14081,2497.8
14082,7493.4
14083,2497.8
14084,7493.4
14085,2497.8
14086,14986.8
14087,12489
14088,7493.4
14089,17484.6
14090,22480.2
14091,17484.6
14092,22480.2
14093,12489
14094,9991.2
14095,22480.2
14096,7493.4
14097,4995.6
14098,4995.6
14099,9991.2
14100,4995.6
14101,14986.8
14102,24978
14103,9991.2
14104,7493.4
14105,22480.2
14106,7493.4
14107,2497.8
14108,19982.4
14109,2497.8
14110,32471.4
14111,12489
14112,7493.4
14113,17484.6
14114,14986.8
14115,12489
14116,9991.2
14117,34969.2
14118,22480.2
14119,14986.8
14120,29973.6
14121,14986.8
14122,19982.4
14123,7493.4
14124,4995.6
14125,14986.8
14126,17484.6
14127,7493.4
14128,17484.6
14129,9991.2
14130,17484.6
14131,4995.6
14132,0
14133,7493.4
14134,12489
14135,12489
14136,17484.6
14137,24978
14138,12489
14139,37467
14140,32471.4
14141,14986.8
14142,17484.6
14143,7493.4
14144,22480.2
14145,32471.4
14146,9991.2
14147,17484.6
14148,9991.2
14149,2497.8
14150,19982.4
14151,7493.4
14152,24978
14153,7493.4
14154,7493.4
14155,4995.6
14156,0
14157,14986.8
14158,9991.2
14159,9991.2
14160,7493.4
14161,7493.4
14162,12489
14163,7493.4
14164,4995.6
14165,17484.6
14166,19982.4
14167,14986.8
14168,42462.6
14169,7493.4
14170,9991.2
14171,12489
14172,7493.4
14173,14986.8
14174,4995.6
14175,2497.8
14176,7493.4
14177,17484.6
14178,14986.8
14179,2497.8
14180,12489
14181,4995.6
14182,9991.2
14183,4995.6
14184,12489
14185,14986.8
14186,0
14187,19982.4
14188,9991.2
14189,4995.6
14190,4995.6
14191,19982.4
14192,4995.6
14193,4995.6
14194,4995.6
14195,4995.6
14196,9991.2
14197,27475.8
14198,9991.2
14199,7493.4
14200,7493.4
14201,7493.4
14202,12489
14203,19982.4
14204,17484.6
14205,2497.8
14206,7493.4
14207,9991.2
14208,0
14209,2497.8
14210,14986.8
14211,17484.6
14212,9991.2
14213,12489
14214,9991.2
14215,17484.6
14216,14986.8
14217,27475.8
14218,2497.8
14219,14986.8
14220,14986.8
14221,12489
14222,7493.4
14223,22480.2
14224,2497.8
14225,0
14226,12489
14227,4995.6
14228,9991.2
14229,14986.8
14230,24978
14231,29973.6
14232,32471.4
14233,17484.6
14234,2497.8
14235,24978
14236,22480.2
14237,17484.6
14238,4995.6
14239,12489
14240,0
14241,9991.2
14242,4995.6
14243,17484.6
14244,4995.6
14245,2497.8
14246,14986.8
14247,12489
14248,12489
14249,4995.6
14250,17484.6
14251,2497.8
14252,7493.4
14253,2497.8
14254,12489
14255,14986.8
14256,29973.6
14257,7493.4
14258,27475.8
14259,4995.6
14260,0
14261,7493.4
14262,9991.2
14263,14986.8
14264,17484.6
14265,22480.2
14266,4995.6
14267,7493.4
14268,14986.8
14269,2497.8
14270,14986.8
14271,27475.8
14272,4995.6
14273,14986.8
14274,12489
14275,4995.6
14276,14986.8
14277,19982.4
14278,7493.4
14279,9991.2
14280,34969.2
14281,17484.6
14282,14986.8
14283,9991.2
14284,4995.6
14285,12489
14286,9991.2
14287,17484.6
14288,17484.6
14289,4995.6
14290,9991.2
14291,9991.2
14292,17484.6
14293,29973.6
14294,17484.6
14295,2497.8
14296,19982.4
14297,4995.6
14298,7493.4
14299,19982.4
14300,2497.8
14301,14986.8
14302,4995.6
14303,19982.4
14304,12489
14305,12489
14306,12489
14307,7493.4
14308,7493.4
14309,4995.6
14310,7493.4
14311,12489
14312,12489
14313,12489
14314,9991.2
14315,24978
14316,4995.6
14317,27475.8
14318,22480.2
14319,12489
14320,14986.8
14321,27475.8
14322,14986.8
14323,14986.8
14324,4995.6
14325,14986.8
14326,24978
14327,2497.8
14328,9991.2
14329,2497.8
14330,19982.4
14331,19982.4
14332,9991.2
14333,2497.8
14334,17484.6
14335,17484.6
14336,17484.6
14337,0
14338,12489
14339,14986.8
14340,12489
14341,9991.2
14342,7493.4
14343,9991.2
14344,7493.4
14345,14986.8
14346,9991.2
14347,2497.8
14348,19982.4
14349,7493.4
14350,4995.6
14351,12489
14352,7493.4
14353,17484.6
14354,17484.6
14355,9991.2
14356,7493.4
14357,4995.6
14358,12489
14359,12489
14360,17484.6
14361,7493.4
14362,4995.6
14363,37467
14364,12489
14365,12489
14366,37467
14367,4995.6
14368,14986.8
14369,2497.8
14370,4995.6
14371,17484.6
14372,37467
14373,4995.6
14374,0
14375,0
14376,12489
14377,4995.6
14378,22480.2
14379,4995.6
14380,12489
14381,2497.8
14382,12489
14383,9991.2
14384,4995.6
14385,17484.6
14386,12489
14387,12489
14388,4995.6
14389,7493.4
14390,9991.2
14391,24978
14392,9991.2
14393,9991.2
14394,29973.6
14395,2497.8
14396,9991.2
14397,2497.8
14398,14986.8
14399,19982.4
14400,14986.8
14401,2497.8
14402,9991.2
14403,22480.2
14404,2497.8
14405,2497.8
14406,4995.6
14407,19982.4
14408,19982.4
14409,14986.8
14410,17484.6
14411,12489
14412,14986.8
14413,12489
14414,14986.8
14415,2497.8
14416,7493.4
14417,4995.6
14418,7493.4
14419,19982.4
14420,2497.8
14421,9991.2
14422,9991.2
14423,19982.4
14424,4995.6
14425,7493.4
14426,9991.2
14427,7493.4
14428,12489
14429,12489
14430,12489
14431,0
14432,9991.2
14433,7493.4
14434,14986.8
14435,9991.2
14436,7493.4
14437,12489
14438,9991.2
14439,14986.8
14440,12489
14441,7493.4
14442,32471.4
14443,19982.4
14444,7493.4
14445,12489
14446,4995.6
14447,14986.8
14448,2497.8
14449,7493.4
14450,12489
14451,4995.6
14452,14986.8
14453,4995.6
14454,17484.6
14455,2497.8
14456,4995.6
14457,2497.8
14458,9991.2
14459,12489
14460,14986.8
14461,12489
14462,17484.6
14463,9991.2
14464,22480.2
14465,7493.4
14466,24978
14467,29973.6
14468,12489
14469,7493.4
14470,2497.8
14471,9991.2
14472,2497.8
14473,7493.4
14474,2497.8
14475,29973.6
14476,14986.8
14477,17484.6
14478,4995.6
14479,7493.4
14480,4995.6
14481,7493.4
14482,7493.4
14483,12489
14484,2497.8
14485,14986.8
14486,14986.8
14487,34969.2
14488,4995.6
14489,9991.2
14490,12489
14491,12489
14492,12489
14493,12489
14494,12489
14495,2497.8
14496,17484.6
14497,12489
14498,12489
14499,29973.6
14500,7493.4
14501,32471.4
14502,14986.8
14503,12489
14504,24978
14505,19982.4
14506,4995.6
14507,9991.2
14508,32471.4
14509,12489
14510,7493.4
14511,14986.8
14512,22480.2
14513,14986.8
14514,19982.4
14515,12489
14516,9991.2
14517,7493.4
14518,37467
14519,17484.6
14520,14986.8
14521,7493.4
14522,12489
14523,14986.8
14524,12489
14525,19982.4
14526,7493.4
14527,17484.6
14528,12489
14529,14986.8
14530,14986.8
14531,14986.8
14532,2497.8
14533,12489
14534,2497.8
14535,17484.6
14536,9991.2
14537,12489
14538,32471.4
14539,14986.8
14540,12489
14541,9991.2
14542,14986.8
14543,9991.2
14544,29973.6
14545,22480.2
14546,9991.2
14547,27475.8
14548,27475.8
14549,9991.2
14550,19982.4
14551,14986.8
14552,4995.6
14553,7493.4
14554,4995.6
14555,12489
14556,7493.4
14557,22480.2
14558,2497.8
14559,2497.8
14560,12489
14561,12489
14562,9991.2
14563,4995.6
14564,4995.6
14565,17484.6
14566,4995.6
14567,24978
14568,14986.8
14569,9991.2
14570,24978
14571,7493.4
14572,12489
14573,17484.6
14574,9991.2
14575,27475.8
14576,4995.6
14577,27475.8
14578,14986.8
14579,19982.4
14580,17484.6
14581,4995.6
14582,4995.6
14583,39964.8
14584,19982.4
14585,7493.4
14586,12489
14587,0
14588,29973.6
14589,12489
14590,12489
14591,4995.6
14592,9991.2
14593,17484.6
14594,14986.8
14595,49956
14596,4995.6
14597,24978
14598,14986.8
14599,17484.6
14600,14986.8
14601,19982.4
14602,19982.4
14603,4995.6
14604,17484.6
14605,14986.8
14606,19982.4
14607,2497.8
14608,7493.4
14609,19982.4
14610,19982.4
14611,32471.4
14612,17484.6
14613,17484.6
14614,17484.6
14615,9991.2
14616,7493.4
14617,24978
14618,4995.6
14619,12489
14620,22480.2
14621,0
14622,14986.8
14623,4995.6
14624,14986.8
14625,7493.4
14626,2497.8
14627,7493.4
14628,12489
14629,14986.8
14630,7493.4
14631,14986.8
14632,12489
14633,22480.2
14634,9991.2
14635,24978
14636,4995.6
14637,22480.2
14638,4995.6
14639,27475.8
14640,22480.2
14641,14986.8
14642,9991.2
14643,0
14644,14986.8
14645,4995.6
14646,9991.2
14647,9991.2
14648,9991.2
14649,22480.2
14650,0
14651,9991.2
14652,14986.8
14653,7493.4
14654,24978
14655,12489
14656,4995.6
14657,0
14658,2497.8
14659,4995.6
14660,0
14661,12489
14662,12489
14663,0
14664,27475.8
14665,14986.8
14666,7493.4
14667,9991.2
14668,4995.6
14669,12489
14670,4995.6
14671,22480.2
14672,14986.8
14673,14986.8
14674,19982.4
14675,24978
14676,19982.4
14677,12489
14678,7493.4
14679,7493.4
14680,14986.8
14681,7493.4
14682,4995.6
14683,9991.2
14684,7493.4
14685,24978
14686,7493.4
14687,12489
14688,12489
14689,12489
14690,7493.4
14691,17484.6
14692,7493.4
14693,29973.6
14694,0
14695,4995.6
14696,4995.6
14697,17484.6
14698,2497.8
14699,12489
14700,9991.2
14701,4995.6
14702,12489
14703,7493.4
14704,12489
14705,19982.4
14706,12489
14707,7493.4
14708,27475.8
14709,9991.2
14710,9991.2
14711,7493.4
14712,4995.6
14713,9991.2
14714,2497.8
14715,9991.2
14716,2497.8
14717,9991.2
14718,4995.6
14719,12489
14720,2497.8
14721,12489
14722,9991.2
14723,17484.6
14724,9991.2
14725,9991.2
14726,14986.8
14727,17484.6
14728,2497.8
14729,4995.6
14730,7493.4
14731,4995.6
14732,14986.8
14733,9991.2
14734,4995.6
14735,17484.6
14736,19982.4
14737,0
14738,14986.8
14739,22480.2
14740,17484.6
14741,14986.8
14742,14986.8
14743,2497.8
14744,14986.8
14745,9991.2
14746,7493.4
14747,32471.4
14748,32471.4
14749,2497.8
14750,9991.2
14751,2497.8
14752,12489
14753,27475.8
14754,17484.6
14755,14986.8
14756,7493.4
14757,12489
14758,2497.8
14759,4995.6
14760,12489
14761,34969.2
14762,14986.8
14763,2497.8
14764,7493.4
14765,9991.2
14766,7493.4
14767,19982.4
14768,9991.2
14769,9991.2
14770,17484.6
14771,14986.8
14772,14986.8
14773,4995.6
14774,14986.8
14775,19982.4
14776,17484.6
14777,4995.6
14778,14986.8
14779,7493.4
14780,4995.6
14781,49956
14782,7493.4
14783,14986.8
14784,2497.8
14785,14986.8
14786,19982.4
14787,4995.6
14788,2497.8
14789,12489
14790,14986.8
14791,17484.6
14792,9991.2
14793,12489
14794,7493.4
14795,17484.6
14796,7493.4
14797,29973.6
14798,7493.4
14799,0
14800,24978
14801,7493.4
14802,9991.2
14803,59947.2
14804,9991.2
14805,32471.4
14806,7493.4
14807,14986.8
14808,7493.4
14809,4995.6
14810,2497.8
14811,12489
14812,9991.2
14813,14986.8
14814,2497.8
14815,34969.2
14816,17484.6
14817,12489
14818,12489
14819,9991.2
14820,19982.4
14821,32471.4
14822,9991.2
14823,12489
14824,2497.8
14825,0
14826,22480.2
14827,12489
14828,7493.4
14829,7493.4
14830,22480.2
14831,19982.4
14832,12489
14833,9991.2
14834,12489
14835,17484.6
14836,9991.2
14837,7493.4
14838,19982.4
14839,14986.8
14840,7493.4
14841,22480.2
14842,9991.2
14843,17484.6
14844,27475.8
14845,24978
14846,12489
14847,27475.8
14848,2497.8
14849,9991.2
14850,24978
14851,0
14852,7493.4
14853,7493.4
14854,17484.6
14855,9991.2
14856,4995.6
14857,14986.8
14858,14986.8
14859,4995.6
14860,19982.4
14861,17484.6
14862,2497.8
14863,12489
14864,7493.4
14865,12489
14866,2497.8
14867,19982.4
14868,9991.2
14869,17484.6
14870,2497.8
14871,9991.2
14872,7493.4
14873,7493.4
14874,2497.8
14875,0
14876,37467
14877,2497.8
14878,2497.8
14879,4995.6
14880,7493.4
14881,0
14882,12489
14883,17484.6
14884,12489
14885,12489
14886,4995.6
14887,14986.8
14888,24978
14889,2497.8
14890,9991.2
14891,9991.2
14892,24978
14893,9991.2
14894,4995.6
14895,14986.8
14896,9991.2
14897,7493.4
14898,4995.6
14899,7493.4
14900,9991.2
14901,17484.6
14902,4995.6
14903,9991.2
14904,9991.2
14905,19982.4
14906,0
14907,14986.8
14908,14986.8
14909,7493.4
14910,42462.6
14911,12489
14912,17484.6
14913,12489
14914,19982.4
14915,4995.6
14916,9991.2
14917,9991.2
14918,17484.6
14919,2497.8
14920,22480.2
14921,12489
14922,19982.4
14923,12489
14924,2497.8
14925,7493.4
14926,12489
14927,12489
14928,22480.2
14929,9991.2
14930,24978
14931,9991.2
14932,14986.8
14933,14986.8
14934,4995.6
14935,9991.2
14936,19982.4
14937,24978
14938,12489
14939,7493.4
14940,19982.4
14941,9991.2
14942,0
14943,4995.6
14944,12489
14945,14986.8
14946,22480.2
14947,19982.4
14948,24978
14949,17484.6
14950,7493.4
14951,17484.6
14952,17484.6
14953,14986.8
14954,17484.6
14955,7493.4
14956,0
14957,14986.8
14958,42462.6
14959,19982.4
14960,7493.4
14961,4995.6
14962,29973.6
14963,0
14964,2497.8
14965,9991.2
14966,12489
14967,9991.2
14968,9991.2
14969,7493.4
14970,4995.6
14971,4995.6
14972,14986.8
14973,27475.8
14974,4995.6
14975,19982.4
14976,7493.4
14977,29973.6
14978,7493.4
14979,12489
14980,12489
14981,19982.4
14982,19982.4
14983,12489
14984,19982.4
14985,22480.2
14986,14986.8
14987,4995.6
14988,9991.2
14989,19982.4
14990,2497.8
14991,4995.6
14992,12489
14993,19982.4
14994,4995.6
14995,7493.4
14996,9991.2
14997,7493.4
14998,17484.6
14999,4995.6
15000,12489
15001,2497.8
15002,7493.4
15003,14986.8
15004,22480.2
15005,4995.6
15006,9991.2
15007,14986.8
15008,14986.8
15009,4995.6
15010,14986.8
15011,14986.8
15012,12489
15013,17484.6
15014,17484.6
15015,9991.2
15016,4995.6
15017,9991.2
15018,0
15019,9991.2
15020,9991.2
15021,9991.2
15022,9991.2
15023,9991.2
15024,14986.8
15025,4995.6
15026,32471.4
15027,2497.8
15028,0
15029,7493.4
15030,4995.6
15031,17484.6
15032,17484.6
15033,9991.2
15034,4995.6
15035,12489
15036,19982.4
15037,2497.8
15038,4995.6
15039,2497.8
15040,2497.8
15041,17484.6
15042,2497.8
15043,12489
15044,2497.8
15045,14986.8
15046,4995.6
15047,9991.2
15048,7493.4
15049,14986.8
15050,4995.6
15051,9991.2
15052,17484.6
15053,4995.6
15054,9991.2
15055,22480.2
15056,14986.8
15057,24978
15058,7493.4
15059,7493.4
15060,22480.2
15061,2497.8
15062,14986.8
15063,14986.8
15064,17484.6
15065,12489
15066,17484.6
15067,4995.6
15068,22480.2
15069,2497.8
15070,24978
15071,9991.2
15072,24978
15073,29973.6
15074,12489
15075,22480.2
15076,12489
15077,9991.2
15078,12489
15079,9991.2
15080,12489
15081,14986.8
15082,4995.6
15083,22480.2
15084,2497.8
15085,2497.8
15086,19982.4
15087,19982.4
15088,7493.4
15089,24978
15090,9991.2
15091,17484.6
15092,7493.4
15093,27475.8
15094,2497.8
15095,9991.2
15096,2497.8
15097,4995.6
15098,12489
15099,19982.4
15100,9991.2
15101,7493.4
15102,12489
15103,9991.2
15104,9991.2
15105,22480.2
15106,19982.4
15107,14986.8
15108,17484.6
15109,9991.2
15110,12489
15111,9991.2
15112,17484.6
15113,37467
15114,4995.6
15115,7493.4
15116,12489
15117,9991.2
15118,9991.2
15119,7493.4
15120,9991.2
15121,9991.2
15122,32471.4
15123,0
15124,17484.6
15125,17484.6
15126,9991.2
15127,4995.6
15128,4995.6
15129,4995.6
15130,22480.2
15131,9991.2
15132,7493.4
15133,7493.4
15134,14986.8
15135,2497.8
15136,9991.2
15137,2497.8
15138,7493.4
15139,4995.6
15140,2497.8
15141,17484.6
15142,17484.6
15143,7493.4
15144,9991.2
15145,7493.4
15146,17484.6
15147,4995.6
15148,7493.4
15149,4995.6
15150,27475.8
15151,4995.6
15152,17484.6
15153,7493.4
15154,7493.4
15155,22480.2
15156,22480.2
15157,12489
15158,2497.8
15159,12489
15160,7493.4
15161,7493.4
15162,4995.6
15163,14986.8
15164,4995.6
15165,4995.6
15166,4995.6
15167,2497.8
15168,4995.6
15169,22480.2
15170,9991.2
15171,9991.2
15172,12489
15173,12489
15174,9991.2
15175,9991.2
15176,9991.2
15177,7493.4
15178,9991.2
15179,24978
15180,9991.2
15181,22480.2
15182,0
15183,9991.2
15184,24978
15185,12489
15186,9991.2
15187,4995.6
15188,12489
15189,17484.6
15190,22480.2
15191,7493.4
15192,9991.2
15193,9991.2
15194,4995.6
15195,24978
15196,12489
15197,9991.2
15198,0
15199,17484.6
15200,24978
15201,37467
15202,9991.2
15203,4995.6
15204,14986.8
15205,9991.2
15206,14986.8
15207,7493.4
15208,7493.4
15209,2497.8
15210,7493.4
15211,14986.8
15212,19982.4
15213,9991.2
15214,12489
15215,14986.8
15216,12489
15217,12489
15218,7493.4
15219,4995.6
15220,24978
15221,0
15222,7493.4
15223,12489
15224,4995.6
15225,12489
15226,24978
15227,12489
15228,17484.6
15229,9991.2
15230,14986.8
15231,7493.4
15232,19982.4
15233,7493.4
15234,12489
15235,14986.8
15236,4995.6
15237,17484.6
15238,4995.6
15239,19982.4
15240,7493.4
15241,17484.6
15242,24978
15243,9991.2
15244,22480.2
15245,19982.4
15246,7493.4
15247,2497.8
15248,32471.4
15249,2497.8
15250,17484.6
15251,4995.6
15252,9991.2
15253,22480.2
15254,12489
15255,12489
15256,34969.2
15257,12489
15258,19982.4
15259,0
15260,14986.8
15261,2497.8
15262,9991.2
15263,4995.6
15264,9991.2
15265,9991.2
15266,7493.4
15267,4995.6
15268,2497.8
15269,7493.4
15270,7493.4
15271,19982.4
15272,7493.4
15273,7493.4
15274,12489
15275,7493.4
15276,9991.2
15277,14986.8
15278,9991.2
15279,12489
15280,12489
15281,7493.4
15282,7493.4
15283,2497.8
15284,2497.8
15285,4995.6
15286,9991.2
15287,2497.8
15288,9991.2
15289,7493.4
15290,17484.6
15291,14986.8
15292,37467
15293,2497.8
15294,12489
15295,12489
15296,0
15297,12489
15298,7493.4
15299,12489
15300,7493.4
15301,12489
15302,14986.8
15303,0
15304,7493.4
15305,4995.6
15306,9991.2
15307,19982.4
15308,12489
15309,9991.2
15310,7493.4
15311,4995.6
15312,24978
15313,2497.8
15314,7493.4
15315,29973.6
15316,2497.8
15317,12489
15318,7493.4
15319,4995.6
15320,29973.6
15321,12489
15322,24978
15323,17484.6
15324,12489
15325,14986.8
15326,12489
15327,12489
15328,12489
15329,19982.4
15330,2497.8
15331,4995.6
15332,19982.4
15333,14986.8
15334,2497.8
15335,4995.6
15336,9991.2
15337,0
15338,0
15339,2497.8
15340,12489
15341,19982.4
15342,17484.6
15343,24978
15344,12489
15345,7493.4
15346,12489
15347,14986.8
15348,7493.4
15349,2497.8
15350,12489
15351,14986.8
15352,4995.6
15353,14986.8
15354,29973.6
15355,12489
15356,19982.4
15357,17484.6
15358,19982.4
15359,17484.6
15360,7493.4
15361,17484.6
15362,19982.4
15363,12489
15364,17484.6
15365,17484.6
15366,12489
15367,12489
15368,2497.8
15369,9991.2
15370,9991.2
15371,19982.4
15372,12489
15373,2497.8
15374,22480.2
15375,19982.4
15376,19982.4
15377,22480.2
15378,4995.6
15379,0
15380,12489
15381,12489
15382,29973.6
15383,2497.8
15384,17484.6
15385,9991.2
15386,4995.6
15387,2497.8
15388,2497.8
15389,9991.2
15390,12489
15391,24978
15392,12489
15393,4995.6
15394,4995.6
15395,14986.8
15396,12489
15397,12489
15398,14986.8
15399,9991.2
15400,12489
15401,7493.4
15402,9991.2
15403,12489
15404,7493.4
15405,2497.8
15406,4995.6
15407,2497.8
15408,22480.2
15409,0
15410,7493.4
15411,9991.2
15412,9991.2
15413,2497.8
15414,12489
15415,12489
15416,14986.8
15417,9991.2
15418,17484.6
15419,2497.8
15420,12489
15421,2497.8
15422,12489
15423,19982.4
15424,14986.8
15425,29973.6
15426,17484.6
15427,12489
15428,12489
15429,4995.6
15430,9991.2
15431,7493.4
15432,4995.6
15433,7493.4
15434,27475.8
15435,12489
15436,12489
15437,9991.2
15438,14986.8
15439,24978
15440,12489
15441,9991.2
15442,17484.6
15443,14986.8
15444,14986.8
15445,9991.2
15446,12489
15447,4995.6
15448,9991.2
15449,7493.4
15450,9991.2
15451,17484.6
15452,7493.4
15453,14986.8
15454,37467
15455,14986.8
15456,24978
15457,14986.8
15458,4995.6
15459,17484.6
15460,4995.6
15461,4995.6
15462,4995.6
15463,7493.4
15464,32471.4
15465,24978
15466,22480.2
15467,9991.2
15468,2497.8
15469,22480.2
15470,4995.6
15471,19982.4
15472,17484.6
15473,14986.8
15474,7493.4
15475,7493.4
15476,2497.8
15477,4995.6
15478,12489
15479,12489
15480,7493.4
15481,12489
15482,14986.8
15483,4995.6
15484,19982.4
15485,32471.4
15486,2497.8
15487,7493.4
15488,2497.8
15489,2497.8
15490,14986.8
15491,12489
15492,14986.8
15493,17484.6
15494,17484.6
15495,7493.4
15496,27475.8
15497,9991.2
15498,2497.8
15499,9991.2
15500,4995.6
15501,12489
15502,0
15503,32471.4
15504,17484.6
15505,14986.8
15506,2497.8
15507,9991.2
15508,4995.6
15509,7493.4
15510,9991.2
15511,19982.4
15512,0
15513,19982.4
15514,9991.2
15515,14986.8
15516,7493.4
15517,2497.8
15518,9991.2
15519,4995.6
15520,7493.4
15521,7493.4
15522,2497.8
15523,7493.4
15524,24978
15525,22480.2
15526,4995.6
15527,4995.6
15528,0
15529,14986.8
15530,0
15531,4995.6
15532,24978
15533,9991.2
15534,2497.8
15535,14986.8
15536,12489
15537,27475.8
15538,24978
15539,17484.6
15540,7493.4
15541,9991.2
15542,12489
15543,4995.6
15544,7493.4
15545,2497.8
15546,19982.4
15547,2497.8
15548,19982.4
15549,4995.6
15550,9991.2
15551,17484.6
15552,12489
15553,12489
15554,17484.6
15555,2497.8
15556,7493.4
15557,17484.6
15558,7493.4
15559,19982.4
15560,14986.8
15561,17484.6
15562,14986.8
15563,12489
15564,24978
15565,37467
15566,7493.4
15567,9991.2
15568,4995.6
15569,2497.8
15570,7493.4
15571,4995.6
15572,17484.6
15573,4995.6
15574,4995.6
15575,2497.8
15576,0
15577,2497.8
15578,14986.8
15579,9991.2
15580,12489
15581,14986.8
15582,9991.2
15583,0
15584,9991.2
15585,9991.2
15586,9991.2
15587,4995.6
15588,19982.4
15589,4995.6
15590,2497.8
15591,2497.8
15592,9991.2
15593,2497.8
15594,2497.8
15595,12489
15596,27475.8
15597,7493.4
15598,22480.2
15599,7493.4
15600,14986.8
15601,4995.6
15602,2497.8
15603,4995.6
15604,14986.8
15605,7493.4
15606,12489
15607,4995.6
15608,4995.6
15609,12489
15610,24978
15611,14986.8
15612,7493.4
15613,9991.2
15614,7493.4
15615,9991.2
15616,2497.8
15617,24978
15618,7493.4
15619,12489
15620,12489
15621,27475.8
15622,22480.2
15623,29973.6
15624,14986.8
15625,4995.6
15626,0
15627,9991.2
15628,14986.8
15629,22480.2
15630,2497.8
15631,7493.4
15632,2497.8
15633,12489
15634,2497.8
15635,24978
15636,12489
15637,19982.4
15638,17484.6
15639,19982.4
15640,24978
15641,12489
15642,17484.6
15643,2497.8
15644,4995.6
15645,29973.6
15646,22480.2
15647,9991.2
15648,7493.4
15649,9991.2
15650,7493.4
15651,19982.4
15652,24978
15653,2497.8
15654,12489
15655,9991.2
15656,7493.4
15657,7493.4
15658,22480.2
15659,9991.2
15660,9991.2
15661,12489
15662,47458.2
15663,7493.4
15664,7493.4
15665,2497.8
15666,2497.8
15667,14986.8
15668,2497.8
15669,7493.4
15670,7493.4
15671,12489
15672,2497.8
15673,7493.4
15674,19982.4
15675,17484.6
15676,7493.4
15677,4995.6
15678,9991.2
15679,12489
15680,4995.6
15681,14986.8
15682,9991.2
15683,17484.6
15684,12489
15685,12489
15686,27475.8
15687,17484.6
15688,19982.4
15689,22480.2
15690,4995.6
15691,17484.6
15692,2497.8
15693,9991.2
15694,14986.8
15695,9991.2
15696,14986.8
15697,12489
15698,9991.2
15699,12489
15700,4995.6
15701,22480.2
15702,4995.6
15703,14986.8
15704,4995.6
15705,27475.8
15706,14986.8
15707,7493.4
15708,2497.8
15709,9991.2
15710,12489
15711,4995.6
15712,4995.6
15713,14986.8
15714,7493.4
15715,12489
15716,19982.4
15717,7493.4
15718,9991.2
15719,17484.6
15720,12489
15721,29973.6
15722,24978
15723,24978
15724,7493.4
15725,29973.6
15726,27475.8
15727,9991.2
15728,2497.8
15729,14986.8
15730,17484.6
15731,7493.4
15732,2497.8
15733,2497.8
15734,7493.4
15735,9991.2
15736,7493.4
15737,24978
15738,4995.6
15739,17484.6
15740,14986.8
15741,7493.4
15742,17484.6
15743,14986.8
15744,9991.2
15745,9991.2
15746,12489
15747,2497.8
15748,32471.4
15749,0
15750,2497.8
15751,12489
15752,7493.4
15753,4995.6
15754,17484.6
15755,19982.4
15756,2497.8
15757,17484.6
15758,2497.8
15759,7493.4
15760,2497.8
15761,17484.6
15762,12489
15763,9991.2
15764,9991.2
15765,17484.6
15766,12489
15767,9991.2
15768,4995.6
15769,9991.2
15770,27475.8
15771,32471.4
15772,12489
15773,4995.6
15774,14986.8
15775,14986.8
15776,7493.4
15777,7493.4
15778,14986.8
15779,22480.2
15780,19982.4
15781,9991.2
15782,4995.6
15783,12489
15784,17484.6
15785,14986.8
15786,14986.8
15787,0
15788,4995.6
15789,17484.6
15790,12489
15791,9991.2
15792,19982.4
15793,12489
15794,14986.8
15795,32471.4
15796,24978
15797,44960.4
15798,12489
15799,7493.4
15800,12489
15801,17484.6
15802,12489
15803,9991.2
15804,9991.2
15805,14986.8
15806,12489
15807,12489
15808,14986.8
15809,2497.8
15810,12489
15811,4995.6
15812,24978
15813,22480.2
15814,27475.8
15815,4995.6
15816,0
15817,12489
15818,12489
15819,4995.6
15820,22480.2
15821,4995.6
15822,2497.8
15823,12489
15824,9991.2
15825,4995.6
15826,14986.8
15827,2497.8
15828,17484.6
15829,9991.2
15830,7493.4
15831,9991.2
15832,22480.2
15833,2497.8
15834,32471.4
15835,22480.2
15836,9991.2
15837,14986.8
15838,4995.6
15839,9991.2
15840,12489
15841,14986.8
15842,14986.8
15843,12489
15844,17484.6
15845,9991.2
15846,29973.6
15847,19982.4
15848,2497.8
15849,37467
15850,12489
15851,7493.4
15852,4995.6
15853,24978
15854,9991.2
15855,2497.8
15856,27475.8
15857,12489
15858,17484.6
15859,14986.8
15860,2497.8
15861,9991.2
15862,9991.2
15863,12489
15864,14986.8
15865,19982.4
15866,9991.2
15867,9991.2
15868,9991.2
15869,14986.8
15870,19982.4
15871,14986.8
15872,4995.6
15873,7493.4
15874,14986.8
15875,14986.8
15876,9991.2
15877,14986.8
15878,9991.2
15879,12489
15880,7493.4
15881,9991.2
15882,4995.6
15883,17484.6
15884,32471.4
15885,7493.4
15886,0
15887,27475.8
15888,14986.8
15889,14986.8
15890,12489
15891,12489
15892,2497.8
15893,14986.8
15894,7493.4
15895,2497.8
15896,9991.2
15897,4995.6
15898,4995.6
15899,2497.8
15900,22480.2
15901,24978
15902,17484.6
15903,4995.6
15904,19982.4
15905,9991.2
15906,12489
15907,17484.6
15908,34969.2
15909,7493.4
15910,0
15911,17484.6
15912,7493.4
15913,4995.6
15914,2497.8
15915,12489
15916,9991.2
15917,9991.2
15918,14986.8
15919,14986.8
15920,7493.4
15921,14986.8
15922,12489
15923,22480.2
15924,12489
15925,19982.4
15926,2497.8
15927,2497.8
15928,12489
15929,19982.4
15930,9991.2
15931,32471.4
15932,12489
15933,14986.8
15934,9991.2
15935,12489
15936,12489
15937,14986.8
15938,12489
15939,29973.6
15940,7493.4
15941,17484.6
15942,2497.8
15943,19982.4
15944,9991.2
15945,4995.6
15946,9991.2
15947,14986.8
15948,12489
15949,24978
15950,7493.4
15951,17484.6
15952,4995.6
15953,7493.4
15954,9991.2
15955,19982.4
15956,12489
15957,14986.8
15958,2497.8
15959,9991.2
15960,19982.4
15961,19982.4
15962,17484.6
15963,2497.8
15964,2497.8
15965,2497.8
15966,9991.2
15967,9991.2
15968,12489
15969,17484.6
15970,9991.2
15971,4995.6
15972,17484.6
15973,7493.4
15974,14986.8
15975,9991.2
15976,14986.8
15977,14986.8
15978,14986.8
15979,4995.6
15980,12489
15981,22480.2
15982,4995.6
15983,14986.8
15984,12489
15985,17484.6
15986,9991.2
15987,4995.6
15988,17484.6
15989,12489
15990,22480.2
15991,9991.2
15992,7493.4
15993,9991.2
15994,14986.8
15995,12489
15996,9991.2
15997,17484.6
15998,7493.4
15999,14986.8
16000,24978
16001,7493.4
16002,24978
16003,12489
16004,14986.8
16005,12489
16006,4995.6
16007,17484.6
16008,12489
16009,2497.8
16010,9991.2
16011,9991.2
16012,12489
16013,12489
16014,7493.4
16015,9991.2
16016,14986.8
16017,37467
16018,7493.4
16019,34969.2
16020,9991.2
16021,14986.8
16022,19982.4
16023,12489
16024,12489
16025,0
16026,24978
16027,2497.8
16028,2497.8
16029,14986.8
16030,12489
16031,19982.4
16032,7493.4
16033,17484.6
16034,17484.6
16035,4995.6
16036,2497.8
16037,14986.8
16038,7493.4
16039,12489
16040,17484.6
16041,7493.4
16042,17484.6
16043,9991.2
16044,2497.8
16045,7493.4
16046,9991.2
16047,17484.6
16048,14986.8
16049,14986.8
16050,7493.4
16051,7493.4
16052,9991.2
16053,7493.4
16054,19982.4
16055,14986.8
16056,4995.6
16057,22480.2
16058,4995.6
16059,2497.8
16060,9991.2
16061,4995.6
16062,7493.4
16063,17484.6
16064,9991.2
16065,14986.8
16066,12489
16067,12489
16068,17484.6
16069,14986.8
16070,14986.8
16071,0
16072,14986.8
16073,14986.8
16074,9991.2
16075,4995.6
16076,4995.6
16077,17484.6
16078,22480.2
16079,4995.6
16080,7493.4
16081,14986.8
16082,17484.6
16083,4995.6
16084,24978
16085,32471.4
16086,22480.2
16087,27475.8
16088,14986.8
16089,9991.2
16090,14986.8
16091,4995.6
16092,14986.8
16093,7493.4
16094,42462.6
16095,17484.6
16096,22480.2
16097,4995.6
16098,2497.8
16099,7493.4
16100,0
16101,19982.4
16102,7493.4
16103,29973.6
16104,4995.6
16105,9991.2
16106,4995.6
16107,7493.4
16108,19982.4
16109,4995.6
16110,7493.4
16111,17484.6
16112,7493.4
16113,17484.6
16114,2497.8
16115,4995.6
16116,12489
16117,37467
16118,9991.2
16119,4995.6
16120,9991.2
16121,9991.2
16122,17484.6
16123,12489
16124,14986.8
16125,27475.8
16126,7493.4
16127,9991.2
16128,14986.8
16129,4995.6
16130,19982.4
16131,17484.6
16132,7493.4
16133,24978
16134,7493.4
16135,9991.2
16136,2497.8
16137,4995.6
16138,27475.8
16139,7493.4
16140,12489
16141,7493.4
16142,29973.6
16143,12489
16144,17484.6
16145,12489
16146,7493.4
16147,9991.2
16148,27475.8
16149,4995.6
16150,7493.4
16151,12489
16152,24978
16153,4995.6
16154,12489
16155,14986.8
16156,22480.2
16157,12489
16158,7493.4
16159,2497.8
16160,14986.8
16161,14986.8
16162,34969.2
16163,14986.8
16164,29973.6
16165,17484.6
16166,14986.8
16167,4995.6
16168,9991.2
16169,14986.8
16170,9991.2
16171,17484.6
16172,17484.6
16173,4995.6
16174,12489
16175,19982.4
16176,0
16177,2497.8
16178,4995.6
16179,14986.8
16180,7493.4
16181,32471.4
16182,2497.8
16183,4995.6
16184,2497.8
16185,4995.6
16186,14986.8
16187,9991.2
16188,0
16189,22480.2
16190,29973.6
16191,34969.2
16192,2497.8
16193,19982.4
16194,12489
16195,7493.4
16196,4995.6
16197,4995.6
16198,12489
16199,12489
16200,22480.2
16201,9991.2
16202,19982.4
16203,4995.6
16204,9991.2
16205,17484.6
16206,12489
16207,4995.6
16208,9991.2
16209,24978
16210,12489
16211,29973.6
16212,9991.2
16213,7493.4
16214,17484.6
16215,32471.4
16216,4995.6
16217,24978
16218,9991.2
16219,12489
16220,4995.6
16221,7493.4
16222,7493.4
16223,0
16224,12489
16225,7493.4
16226,27475.8
16227,4995.6
16228,0
16229,2497.8
16230,19982.4
16231,9991.2
16232,12489
16233,4995.6
16234,14986.8
16235,4995.6
16236,19982.4
16237,0
16238,12489
16239,19982.4
16240,14986.8
16241,2497.8
16242,19982.4
16243,22480.2
16244,4995.6
16245,12489
16246,4995.6
16247,2497.8
16248,4995.6
16249,7493.4
16250,7493.4
16251,14986.8
16252,12489
16253,19982.4
16254,14986.8
16255,0
16256,22480.2
16257,12489
16258,7493.4
16259,12489
16260,14986.8
16261,9991.2
16262,9991.2
16263,7493.4
16264,12489
16265,9991.2
16266,0
16267,7493.4
16268,0
16269,17484.6
16270,19982.4
16271,4995.6
16272,0
16273,19982.4
16274,17484.6
16275,14986.8
16276,14986.8
16277,4995.6
16278,9991.2
16279,4995.6
16280,9991.2
16281,7493.4
16282,4995.6
16283,7493.4
16284,19982.4
16285,2497.8
16286,12489
16287,2497.8
16288,7493.4
16289,22480.2
16290,9991.2
16291,4995.6
16292,7493.4
16293,12489
16294,7493.4
16295,9991.2
16296,7493.4
16297,14986.8
16298,24978
16299,2497.8
16300,4995.6
16301,4995.6
16302,9991.2
16303,17484.6
16304,12489
16305,9991.2
16306,12489
16307,9991.2
16308,22480.2
16309,22480.2
16310,4995.6
16311,27475.8
16312,19982.4
16313,12489
16314,7493.4
16315,17484.6
16316,24978
16317,4995.6
16318,14986.8
16319,12489
16320,22480.2
16321,4995.6
16322,9991.2
16323,7493.4
16324,4995.6
16325,4995.6
16326,12489
16327,32471.4
16328,19982.4
16329,14986.8
16330,7493.4
16331,17484.6
16332,7493.4
16333,22480.2
16334,7493.4
16335,4995.6
16336,27475.8
16337,2497.8
16338,2497.8
16339,14986.8
16340,19982.4
16341,24978
16342,14986.8
16343,17484.6
16344,9991.2
16345,12489
16346,7493.4
16347,12489
16348,4995.6
16349,9991.2
16350,9991.2
16351,17484.6
16352,19982.4
16353,7493.4
16354,7493.4
16355,4995.6
16356,7493.4
16357,22480.2
16358,12489
16359,19982.4
16360,9991.2
16361,12489
16362,12489
16363,7493.4
16364,4995.6
16365,0
16366,27475.8
16367,2497.8
16368,17484.6
16369,17484.6
16370,2497.8
16371,22480.2
16372,7493.4
16373,12489
16374,4995.6
16375,12489
16376,4995.6
16377,4995.6
16378,9991.2
16379,22480.2
16380,2497.8
16381,12489
16382,7493.4
16383,19982.4
16384,2497.8
16385,9991.2
16386,2497.8
16387,0
16388,4995.6
16389,2497.8
16390,17484.6
16391,12489
16392,4995.6
16393,9991.2
16394,9991.2
16395,14986.8
16396,24978
16397,7493.4
16398,19982.4
16399,12489
16400,24978
16401,0
16402,17484.6
16403,37467
16404,4995.6
16405,0
16406,12489
16407,29973.6
16408,4995.6
16409,9991.2
16410,24978
16411,7493.4
16412,2497.8
16413,9991.2
16414,14986.8
16415,2497.8
16416,19982.4
16417,7493.4
16418,24978
16419,19982.4
16420,34969.2
16421,34969.2
16422,17484.6
16423,22480.2
16424,17484.6
16425,7493.4
16426,9991.2
16427,9991.2
16428,2497.8
16429,4995.6
16430,12489
16431,9991.2
16432,12489
16433,12489
16434,7493.4
16435,7493.4
16436,9991.2
16437,9991.2
16438,14986.8
16439,4995.6
16440,14986.8
16441,7493.4
16442,2497.8
16443,12489
16444,12489
16445,7493.4
16446,12489
16447,2497.8
16448,34969.2
16449,17484.6
16450,12489
16451,17484.6
16452,12489
16453,0
16454,22480.2
16455,7493.4
16456,9991.2
16457,12489
16458,14986.8
16459,17484.6
16460,4995.6
16461,7493.4
16462,12489
16463,4995.6
16464,4995.6
16465,24978
16466,19982.4
16467,9991.2
16468,2497.8
16469,34969.2
16470,12489
16471,22480.2
16472,24978
16473,19982.4
16474,9991.2
16475,22480.2
16476,2497.8
16477,7493.4
16478,39964.8
16479,2497.8
16480,9991.2
16481,17484.6
16482,19982.4
16483,9991.2
16484,4995.6
16485,22480.2
16486,2497.8
16487,4995.6
16488,14986.8
16489,4995.6
16490,12489
16491,9991.2
16492,0
16493,7493.4
16494,17484.6
16495,9991.2
16496,4995.6
16497,19982.4
16498,14986.8
16499,9991.2
16500,2497.8
16501,22480.2
16502,9991.2
16503,9991.2
16504,7493.4
16505,9991.2
16506,9991.2
16507,19982.4
16508,9991.2
16509,4995.6
16510,9991.2
16511,14986.8
16512,14986.8
16513,12489
16514,19982.4
16515,24978
16516,2497.8
16517,7493.4
16518,7493.4
16519,12489
16520,24978
16521,7493.4
16522,7493.4
16523,22480.2
16524,9991.2
16525,4995.6
16526,7493.4
16527,7493.4
16528,4995.6
16529,7493.4
16530,12489
16531,12489
16532,9991.2
16533,17484.6
16534,32471.4
16535,14986.8
16536,17484.6
16537,7493.4
16538,14986.8
16539,12489
16540,9991.2
16541,2497.8
16542,9991.2
16543,4995.6
16544,4995.6
16545,12489
16546,9991.2
16547,9991.2
16548,9991.2
16549,4995.6
16550,2497.8
16551,4995.6
16552,12489
16553,7493.4
16554,14986.8
16555,4995.6
16556,7493.4
16557,9991.2
16558,14986.8
16559,2497.8
16560,12489
16561,4995.6
16562,9991.2
16563,17484.6
16564,49956
16565,4995.6
16566,2497.8
16567,9991.2
16568,12489
16569,17484.6
16570,14986.8
16571,24978
16572,24978
16573,9991.2
16574,4995.6
16575,9991.2
16576,7493.4
16577,14986.8
16578,17484.6
16579,0
16580,2497.8
16581,7493.4
16582,9991.2
16583,24978
16584,29973.6
16585,12489
16586,4995.6
16587,14986.8
16588,12489
16589,17484.6
16590,14986.8
16591,9991.2
16592,24978
16593,17484.6
16594,32471.4
16595,0
16596,7493.4
16597,24978
16598,4995.6
16599,2497.8
16600,7493.4
16601,2497.8
16602,19982.4
16603,4995.6
16604,9991.2
16605,19982.4
16606,4995.6
16607,12489
16608,14986.8
16609,7493.4
16610,9991.2
16611,7493.4
16612,7493.4
16613,14986.8
16614,7493.4
16615,14986.8
16616,14986.8
16617,17484.6
16618,14986.8
16619,17484.6
16620,14986.8
16621,14986.8
16622,12489
16623,22480.2
16624,7493.4
16625,9991.2
16626,4995.6
16627,9991.2
16628,9991.2
16629,9991.2
16630,24978
16631,7493.4
16632,7493.4
16633,32471.4
16634,9991.2
16635,7493.4
16636,24978
16637,14986.8
16638,14986.8
16639,22480.2
16640,32471.4
16641,12489
16642,9991.2
16643,19982.4
16644,12489
16645,12489
16646,4995.6
16647,4995.6
16648,7493.4
16649,4995.6
16650,32471.4
16651,9991.2
16652,4995.6
16653,19982.4
16654,2497.8
16655,19982.4
16656,14986.8
16657,7493.4
16658,7493.4
16659,14986.8
16660,7493.4
16661,27475.8
16662,4995.6
16663,4995.6
16664,4995.6
16665,22480.2
16666,7493.4
16667,24978
16668,14986.8
16669,7493.4
16670,4995.6
16671,9991.2
16672,17484.6
16673,7493.4
16674,7493.4
16675,27475.8
16676,7493.4
16677,7493.4
16678,19982.4
16679,12489
16680,4995.6
16681,7493.4
16682,9991.2
16683,7493.4
16684,9991.2
16685,12489
16686,19982.4
16687,7493.4
16688,7493.4
16689,29973.6
16690,4995.6
16691,7493.4
16692,9991.2
16693,9991.2
16694,17484.6
16695,12489
16696,29973.6
16697,29973.6
16698,9991.2
16699,17484.6
16700,2497.8
16701,2497.8
16702,24978
16703,14986.8
16704,9991.2
16705,12489
16706,12489
16707,0
16708,9991.2
16709,14986.8
16710,27475.8
16711,7493.4
16712,32471.4
16713,17484.6
16714,7493.4
16715,7493.4
16716,24978
16717,14986.8
16718,7493.4
16719,7493.4
16720,9991.2
16721,37467
16722,0
16723,4995.6
16724,22480.2
16725,4995.6
16726,19982.4
16727,7493.4
16728,4995.6
16729,12489
16730,2497.8
16731,12489
16732,12489
16733,2497.8
16734,9991.2
16735,2497.8
16736,4995.6
16737,2497.8
16738,9991.2
16739,17484.6
16740,24978
16741,22480.2
16742,14986.8
16743,7493.4
16744,2497.8
16745,14986.8
16746,4995.6
16747,9991.2
16748,24978
16749,9991.2
16750,12489
16751,2497.8
16752,4995.6
16753,17484.6
16754,19982.4
16755,9991.2
16756,0
16757,17484.6
16758,27475.8
16759,14986.8
16760,7493.4
16761,2497.8
16762,4995.6
16763,17484.6
16764,7493.4
16765,4995.6
16766,12489
16767,4995.6
16768,14986.8
16769,7493.4
16770,7493.4
16771,17484.6
16772,22480.2
16773,4995.6
16774,19982.4
16775,17484.6
16776,7493.4
16777,19982.4
16778,17484.6
16779,17484.6
16780,19982.4
16781,22480.2
16782,2497.8
16783,17484.6
16784,0
16785,4995.6
16786,2497.8
16787,9991.2
16788,24978
16789,4995.6
16790,27475.8
16791,12489
16792,9991.2
16793,9991.2
16794,9991.2
16795,7493.4
16796,7493.4
16797,7493.4
16798,17484.6
16799,2497.8
16800,7493.4
16801,12489
16802,0
16803,14986.8
16804,12489
16805,12489
16806,9991.2
16807,24978
16808,2497.8
16809,32471.4
16810,12489
16811,19982.4
16812,12489
16813,17484.6
16814,17484.6
16815,9991.2
16816,17484.6
16817,4995.6
16818,12489
16819,9991.2
16820,7493.4
16821,7493.4
16822,4995.6
16823,9991.2
16824,37467
16825,9991.2
16826,14986.8
16827,4995.6
16828,4995.6
16829,22480.2
16830,7493.4
16831,4995.6
16832,17484.6
16833,12489
16834,2497.8
16835,9991.2
16836,7493.4
16837,14986.8
16838,24978
16839,9991.2
16840,22480.2
16841,2497.8
16842,7493.4
16843,9991.2
16844,17484.6
16845,4995.6
16846,12489
16847,17484.6
16848,27475.8
16849,7493.4
16850,12489
16851,9991.2
16852,0
16853,4995.6
16854,12489
16855,2497.8
16856,7493.4
16857,12489
16858,17484.6
16859,19982.4
16860,7493.4
16861,4995.6
16862,9991.2
16863,7493.4
16864,12489
16865,14986.8
16866,34969.2
16867,24978
16868,29973.6
16869,4995.6
16870,17484.6
16871,9991.2
16872,12489
16873,9991.2
16874,17484.6
16875,7493.4
16876,7493.4
16877,12489
16878,12489
16879,0
16880,24978
16881,12489
16882,17484.6
16883,12489
16884,14986.8
16885,22480.2
16886,27475.8
16887,12489
16888,4995.6
16889,4995.6
16890,14986.8
16891,14986.8
16892,17484.6
16893,14986.8
16894,27475.8
16895,17484.6
16896,7493.4
16897,2497.8
16898,24978
16899,14986.8
16900,17484.6
16901,2497.8
16902,2497.8
16903,7493.4
16904,17484.6
16905,4995.6
16906,12489
16907,12489
16908,22480.2
16909,2497.8
16910,14986.8
16911,7493.4
16912,27475.8
16913,2497.8
16914,2497.8
16915,4995.6
16916,2497.8
16917,12489
16918,14986.8
16919,4995.6
16920,14986.8
16921,2497.8
16922,12489
16923,14986.8
16924,4995.6
16925,7493.4
16926,22480.2
16927,4995.6
16928,19982.4
16929,17484.6
16930,17484.6
16931,4995.6
16932,9991.2
16933,9991.2
16934,37467
16935,4995.6
16936,9991.2
16937,9991.2
16938,12489
16939,12489
16940,19982.4
16941,9991.2
16942,19982.4
16943,9991.2
16944,14986.8
16945,9991.2
16946,14986.8
16947,2497.8
16948,9991.2
16949,2497.8
16950,12489
16951,14986.8
16952,4995.6
16953,12489
16954,2497.8
16955,14986.8
16956,17484.6
16957,24978
16958,14986.8
16959,4995.6
16960,14986.8
16961,14986.8
16962,32471.4
16963,12489
16964,27475.8
16965,9991.2
16966,14986.8
16967,9991.2
16968,14986.8
16969,24978
16970,2497.8
16971,22480.2
16972,9991.2
16973,0
16974,2497.8
16975,7493.4
16976,12489
16977,2497.8
16978,4995.6
16979,7493.4
16980,12489
16981,9991.2
16982,12489
16983,14986.8
16984,7493.4
16985,2497.8
16986,4995.6
16987,9991.2
16988,2497.8
16989,7493.4
16990,4995.6
16991,7493.4
16992,12489
16993,7493.4
16994,7493.4
16995,2497.8
16996,12489
16997,14986.8
16998,7493.4
16999,17484.6
17000,19982.4
17001,7493.4
17002,7493.4
17003,14986.8
17004,12489
17005,17484.6
17006,4995.6
17007,17484.6
17008,17484.6
17009,4995.6
17010,14986.8
17011,2497.8
17012,7493.4
17013,9991.2
17014,14986.8
17015,7493.4
17016,12489
17017,22480.2
17018,12489
17019,7493.4
17020,4995.6
17021,29973.6
17022,24978
17023,12489
17024,19982.4
17025,9991.2
17026,14986.8
17027,4995.6
17028,0
17029,24978
17030,9991.2
17031,19982.4
17032,12489
17033,7493.4
17034,9991.2
17035,14986.8
17036,27475.8
17037,12489
17038,14986.8
17039,4995.6
17040,4995.6
17041,12489
17042,14986.8
17043,2497.8
17044,4995.6
17045,14986.8
17046,14986.8
17047,32471.4
17048,4995.6
17049,9991.2
17050,9991.2
17051,9991.2
17052,19982.4
17053,7493.4
17054,12489
17055,4995.6
17056,7493.4
17057,14986.8
17058,17484.6
17059,9991.2
17060,14986.8
17061,14986.8
17062,9991.2
17063,29973.6
17064,4995.6
17065,22480.2
17066,9991.2
17067,9991.2
17068,14986.8
17069,27475.8
17070,7493.4
17071,22480.2
17072,12489
17073,7493.4
17074,4995.6
17075,24978
17076,22480.2
17077,7493.4
17078,9991.2
17079,14986.8
17080,12489
17081,7493.4
17082,7493.4
17083,0
17084,4995.6
17085,4995.6
17086,7493.4
17087,27475.8
17088,12489
17089,9991.2
17090,9991.2
17091,12489
17092,24978
17093,12489
17094,4995.6
17095,19982.4
17096,9991.2
17097,17484.6
17098,12489
17099,7493.4
17100,12489
17101,2497.8
17102,34969.2
17103,4995.6
17104,12489
17105,19982.4
17106,4995.6
17107,2497.8
17108,14986.8
17109,9991.2
17110,47458.2
17111,24978
17112,9991.2
17113,37467
17114,2497.8
17115,14986.8
17116,4995.6
17117,4995.6
17118,2497.8
17119,19982.4
17120,17484.6
17121,22480.2
17122,9991.2
17123,19982.4
17124,24978
17125,12489
17126,4995.6
17127,7493.4
17128,4995.6
17129,14986.8
17130,12489
17131,12489
17132,14986.8
17133,7493.4
17134,17484.6
17135,9991.2
17136,12489
17137,7493.4
17138,14986.8
17139,12489
17140,4995.6
17141,14986.8
17142,0
17143,4995.6
17144,2497.8
17145,9991.2
17146,7493.4
17147,7493.4
17148,4995.6
17149,39964.8
17150,17484.6
17151,17484.6
17152,12489
17153,17484.6
17154,22480.2
17155,27475.8
17156,24978
17157,22480.2
17158,7493.4
17159,19982.4
17160,17484.6
17161,19982.4
17162,12489
17163,12489
17164,14986.8
17165,4995.6
17166,14986.8
17167,24978
17168,14986.8
17169,9991.2
17170,17484.6
17171,14986.8
17172,7493.4
17173,12489
17174,29973.6
17175,9991.2
17176,2497.8
17177,2497.8
17178,24978
17179,9991.2
17180,4995.6
17181,19982.4
17182,7493.4
17183,14986.8
17184,9991.2
17185,12489
17186,24978
17187,19982.4
17188,17484.6
17189,2497.8
17190,14986.8
17191,2497.8
17192,9991.2
17193,0
17194,4995.6
17195,19982.4
17196,9991.2
17197,19982.4
17198,0
17199,14986.8
17200,14986.8
17201,17484.6
17202,14986.8
17203,0
17204,9991.2
17205,22480.2
17206,17484.6
17207,9991.2
17208,19982.4
17209,4995.6
17210,24978
17211,0
17212,4995.6
17213,7493.4
17214,4995.6
17215,7493.4
17216,19982.4
17217,2497.8
17218,17484.6
17219,7493.4
17220,4995.6
17221,9991.2
17222,7493.4
17223,14986.8
17224,4995.6
17225,9991.2
17226,24978
17227,14986.8
17228,2497.8
17229,7493.4
17230,19982.4
17231,9991.2
17232,19982.4
17233,24978
17234,19982.4
17235,7493.4
17236,4995.6
17237,0
17238,2497.8
17239,9991.2
17240,14986.8
17241,4995.6
17242,12489
17243,12489
17244,17484.6
17245,9991.2
17246,27475.8
17247,7493.4
17248,0
17249,9991.2
17250,4995.6
17251,12489
17252,4995.6
17253,7493.4
17254,7493.4
17255,27475.8
17256,7493.4
17257,17484.6
17258,12489
17259,27475.8
17260,12489
17261,9991.2
17262,7493.4
17263,14986.8
17264,2497.8
17265,4995.6
17266,17484.6
17267,12489
17268,14986.8
17269,0
17270,12489
17271,2497.8
17272,14986.8
17273,14986.8
17274,9991.2
17275,44960.4
17276,4995.6
17277,9991.2
17278,9991.2
17279,29973.6
17280,12489
17281,9991.2
17282,14986.8
17283,7493.4
17284,7493.4
17285,2497.8
17286,12489
17287,4995.6
17288,14986.8
17289,7493.4
17290,9991.2
17291,9991.2
17292,4995.6
17293,2497.8
17294,0
17295,7493.4
17296,4995.6
17297,4995.6
17298,17484.6
17299,14986.8
17300,7493.4
17301,4995.6
17302,12489
17303,17484.6
17304,2497.8
17305,7493.4
17306,4995.6
17307,19982.4
17308,7493.4
17309,7493.4
17310,14986.8
17311,24978
17312,2497.8
17313,12489
17314,14986.8
17315,19982.4
17316,14986.8
17317,7493.4
17318,27475.8
17319,24978
17320,12489
17321,12489
17322,12489
17323,27475.8
17324,14986.8
17325,9991.2
17326,22480.2
17327,0
17328,9991.2
17329,4995.6
17330,4995.6
17331,0
17332,12489
17333,22480.2
17334,0
17335,9991.2
17336,9991.2
17337,7493.4
17338,12489
17339,19982.4
17340,34969.2
17341,12489
17342,14986.8
17343,12489
17344,22480.2
17345,4995.6
17346,12489
17347,14986.8
17348,9991.2
17349,17484.6
17350,24978
17351,12489
17352,9991.2
17353,29973.6
17354,9991.2
17355,12489
17356,9991.2
17357,19982.4
17358,4995.6
17359,0
17360,19982.4
17361,27475.8
17362,7493.4
17363,14986.8
17364,9991.2
17365,12489
17366,17484.6
17367,9991.2
17368,14986.8
17369,4995.6
17370,17484.6
17371,14986.8
17372,47458.2
17373,14986.8
17374,2497.8
17375,2497.8
17376,12489
17377,42462.6
17378,29973.6
17379,22480.2
17380,12489
17381,17484.6
17382,14986.8
17383,9991.2
17384,9991.2
17385,7493.4
17386,7493.4
17387,14986.8
17388,2497.8
17389,9991.2
17390,12489
17391,19982.4
17392,22480.2
17393,4995.6
17394,7493.4
17395,12489
17396,4995.6
17397,7493.4
17398,22480.2
17399,9991.2
17400,17484.6
17401,14986.8
17402,52453.8
17403,27475.8
17404,2497.8
17405,14986.8
17406,7493.4
17407,17484.6
17408,7493.4
17409,0
17410,12489
17411,12489
17412,9991.2
17413,2497.8
17414,7493.4
17415,12489
17416,19982.4
17417,4995.6
17418,14986.8
17419,12489
17420,34969.2
17421,14986.8
17422,0
17423,14986.8
17424,7493.4
17425,24978
17426,2497.8
17427,4995.6
17428,4995.6
17429,7493.4
17430,22480.2
17431,22480.2
17432,4995.6
17433,14986.8
17434,17484.6
17435,12489
17436,4995.6
17437,4995.6
17438,12489
17439,2497.8
17440,12489
17441,24978
17442,12489
17443,12489
17444,12489
17445,9991.2
17446,4995.6
17447,2497.8
17448,9991.2
17449,19982.4
17450,22480.2
17451,12489
17452,14986.8
17453,4995.6
17454,4995.6
17455,14986.8
17456,9991.2
17457,12489
17458,19982.4
17459,14986.8
17460,4995.6
17461,9991.2
17462,4995.6
17463,22480.2
17464,14986.8
17465,0
17466,12489
17467,4995.6
17468,4995.6
17469,22480.2
17470,12489
17471,9991.2
17472,12489
17473,37467
17474,14986.8
17475,17484.6
17476,4995.6
17477,4995.6
17478,9991.2
17479,9991.2
17480,14986.8
17481,7493.4
17482,9991.2
17483,7493.4
17484,9991.2
17485,9991.2
17486,14986.8
17487,14986.8
17488,9991.2
17489,34969.2
17490,9991.2
17491,9991.2
17492,24978
17493,9991.2
17494,0
17495,0
17496,12489
17497,22480.2
17498,0
17499,12489
17500,9991.2
17501,22480.2
17502,7493.4
17503,14986.8
17504,2497.8
17505,22480.2
17506,27475.8
17507,19982.4
17508,14986.8
17509,9991.2
17510,9991.2
17511,9991.2
17512,17484.6
17513,27475.8
17514,7493.4
17515,2497.8
17516,22480.2
17517,24978
17518,2497.8
17519,2497.8
17520,19982.4
17521,24978
17522,12489
17523,2497.8
17524,24978
17525,2497.8
17526,12489
17527,7493.4
17528,9991.2
17529,17484.6
17530,19982.4
17531,9991.2
17532,12489
17533,9991.2
17534,12489
17535,22480.2
17536,27475.8
17537,12489
17538,7493.4
17539,24978
17540,7493.4
17541,14986.8
17542,4995.6
17543,14986.8
17544,19982.4
17545,14986.8
17546,9991.2
17547,12489
17548,4995.6
17549,7493.4
17550,7493.4
17551,19982.4
17552,19982.4
17553,12489
17554,17484.6
17555,17484.6
17556,9991.2
17557,32471.4
17558,19982.4
17559,9991.2
17560,14986.8
17561,9991.2
17562,2497.8
17563,2497.8
17564,2497.8
17565,12489
17566,7493.4
17567,2497.8
17568,17484.6
17569,7493.4
17570,9991.2
17571,19982.4
17572,19982.4
17573,22480.2
17574,24978
17575,7493.4
17576,14986.8
17577,14986.8
17578,12489
17579,2497.8
17580,12489
17581,19982.4
17582,7493.4
17583,7493.4
17584,12489
17585,17484.6
17586,14986.8
17587,7493.4
17588,7493.4
17589,9991.2
17590,12489
17591,12489
17592,9991.2
17593,9991.2
17594,22480.2
17595,2497.8
17596,37467
17597,7493.4
17598,12489
17599,2497.8
17600,12489
17601,2497.8
17602,19982.4
17603,7493.4
17604,4995.6
17605,4995.6
17606,22480.2
17607,9991.2
17608,12489
17609,17484.6
17610,4995.6
17611,9991.2
17612,12489
17613,7493.4
17614,7493.4
17615,7493.4
17616,12489
17617,14986.8
17618,19982.4
17619,17484.6
17620,4995.6
17621,12489
17622,44960.4
17623,2497.8
17624,2497.8
17625,32471.4
17626,4995.6
17627,19982.4
17628,17484.6
17629,4995.6
17630,14986.8
17631,19982.4
17632,7493.4
17633,24978
17634,2497.8
17635,19982.4
17636,12489
17637,32471.4
17638,4995.6
17639,12489
17640,9991.2
17641,22480.2
17642,7493.4
17643,4995.6
17644,12489
17645,9991.2
17646,4995.6
17647,4995.6
17648,32471.4
17649,9991.2
17650,12489
17651,17484.6
17652,4995.6
17653,0
17654,12489
17655,34969.2
17656,12489
17657,17484.6
17658,22480.2
17659,2497.8
17660,14986.8
17661,9991.2
17662,12489
17663,4995.6
17664,9991.2
17665,4995.6
17666,7493.4
17667,12489
17668,19982.4
17669,17484.6
17670,22480.2
17671,12489
17672,17484.6
17673,2497.8
17674,14986.8
17675,7493.4
17676,17484.6
17677,7493.4
17678,7493.4
17679,0
17680,14986.8
17681,17484.6
17682,14986.8
17683,7493.4
17684,4995.6
17685,17484.6
17686,9991.2
17687,19982.4
17688,27475.8
17689,14986.8
17690,12489
17691,12489
17692,22480.2
17693,0
17694,2497.8
17695,19982.4
17696,17484.6
17697,2497.8
17698,17484.6
17699,7493.4
17700,14986.8
17701,12489
17702,7493.4
17703,27475.8
17704,9991.2
17705,9991.2
17706,7493.4
17707,2497.8
17708,9991.2
17709,14986.8
17710,27475.8
17711,7493.4
17712,4995.6
17713,17484.6
17714,4995.6
17715,12489
17716,9991.2
17717,7493.4
17718,12489
17719,7493.4
17720,32471.4
17721,4995.6
17722,4995.6
17723,19982.4
17724,4995.6
17725,9991.2
17726,12489
17727,19982.4
17728,4995.6
17729,24978
17730,2497.8
17731,14986.8
17732,17484.6
17733,7493.4
17734,19982.4
17735,2497.8
17736,9991.2
17737,17484.6
17738,22480.2
17739,12489
17740,14986.8
17741,12489
17742,12489
17743,17484.6
17744,4995.6
17745,9991.2
17746,9991.2
17747,9991.2
17748,2497.8
17749,4995.6
17750,22480.2
17751,27475.8
17752,2497.8
17753,2497.8
17754,22480.2
17755,2497.8
17756,27475.8
17757,19982.4
17758,4995.6
17759,19982.4
17760,9991.2
17761,14986.8
17762,12489
17763,7493.4
17764,7493.4
17765,17484.6
17766,37467
17767,9991.2
17768,4995.6
17769,14986.8
17770,19982.4
17771,14986.8
17772,4995.6
17773,7493.4
17774,14986.8
17775,29973.6
17776,0
17777,14986.8
17778,14986.8
17779,2497.8
17780,19982.4
17781,32471.4
17782,4995.6
17783,2497.8
17784,19982.4
17785,12489
17786,47458.2
17787,9991.2
17788,7493.4
17789,7493.4
17790,7493.4
17791,4995.6
17792,9991.2
17793,22480.2
17794,4995.6
17795,12489
17796,9991.2
17797,39964.8
17798,9991.2
17799,19982.4
17800,19982.4
17801,7493.4
17802,7493.4
17803,4995.6
17804,4995.6
17805,24978
17806,62445
17807,14986.8
17808,9991.2
17809,9991.2
17810,17484.6
17811,7493.4
17812,9991.2
17813,7493.4
17814,14986.8
17815,4995.6
17816,12489
17817,7493.4
17818,34969.2
17819,12489
17820,7493.4
17821,12489
17822,22480.2
17823,24978
17824,24978
17825,12489
17826,12489
17827,2497.8
17828,24978
17829,7493.4
17830,9991.2
17831,7493.4
17832,12489
17833,4995.6
17834,12489
17835,7493.4
17836,4995.6
17837,12489
17838,7493.4
17839,4995.6
17840,14986.8
17841,4995.6
17842,9991.2
17843,9991.2
17844,12489
17845,17484.6
17846,7493.4
17847,14986.8
17848,12489
17849,12489
17850,2497.8
17851,2497.8
17852,2497.8
17853,12489
17854,2497.8
17855,9991.2
17856,2497.8
17857,2497.8
17858,7493.4
17859,14986.8
17860,12489
17861,9991.2
17862,12489
17863,9991.2
17864,9991.2
17865,22480.2
17866,4995.6
17867,7493.4
17868,7493.4
17869,4995.6
17870,17484.6
17871,12489
17872,17484.6
17873,7493.4
17874,17484.6
17875,12489
17876,17484.6
17877,14986.8
17878,9991.2
17879,17484.6
17880,9991.2
17881,22480.2
17882,9991.2
17883,19982.4
17884,12489
17885,29973.6
17886,14986.8
17887,7493.4
17888,19982.4
17889,19982.4
17890,4995.6
17891,37467
17892,9991.2
17893,4995.6
17894,14986.8
17895,4995.6
17896,14986.8
17897,17484.6
17898,19982.4
17899,17484.6
17900,9991.2
17901,9991.2
17902,9991.2
17903,9991.2
17904,14986.8
17905,9991.2
17906,24978
17907,4995.6
17908,2497.8
17909,19982.4
17910,19982.4
17911,14986.8
17912,7493.4
17913,7493.4
17914,0
17915,17484.6
17916,4995.6
17917,14986.8
17918,9991.2
17919,9991.2
17920,7493.4
17921,12489
17922,7493.4
17923,7493.4
17924,7493.4
17925,9991.2
17926,12489
17927,2497.8
17928,14986.8
17929,2497.8
17930,19982.4
17931,7493.4
17932,4995.6
17933,12489
17934,14986.8
17935,9991.2
17936,17484.6
17937,9991.2
17938,0
17939,4995.6
17940,2497.8
17941,24978
17942,7493.4
17943,22480.2
17944,37467
17945,9991.2
17946,17484.6
17947,14986.8
17948,7493.4
17949,4995.6
17950,4995.6
17951,7493.4
17952,22480.2
17953,12489
17954,7493.4
17955,22480.2
17956,17484.6
17957,22480.2
17958,29973.6
17959,2497.8
17960,9991.2
17961,7493.4
17962,9991.2
17963,14986.8
17964,7493.4
17965,4995.6
17966,17484.6
17967,4995.6
17968,19982.4
17969,0
17970,7493.4
17971,7493.4
17972,9991.2
17973,0
17974,4995.6
17975,7493.4
17976,12489
17977,4995.6
17978,19982.4
17979,22480.2
17980,7493.4
17981,2497.8
17982,17484.6
17983,4995.6
17984,14986.8
17985,22480.2
17986,44960.4
17987,7493.4
17988,9991.2
17989,14986.8
17990,14986.8
17991,22480.2
17992,7493.4
17993,4995.6
17994,17484.6
17995,7493.4
17996,12489
17997,17484.6
17998,7493.4
17999,7493.4
18000,7493.4
18001,12489
18002,17484.6
18003,4995.6
18004,12489
18005,22480.2
18006,7493.4
18007,22480.2
18008,17484.6
18009,7493.4
18010,17484.6
18011,4995.6
18012,17484.6
18013,2497.8
18014,12489
18015,14986.8
18016,2497.8
18017,24978
18018,9991.2
18019,19982.4
18020,14986.8
18021,17484.6
18022,12489
18023,14986.8
18024,9991.2
18025,4995.6
18026,19982.4
18027,2497.8
18028,17484.6
18029,24978
18030,29973.6
18031,7493.4
18032,9991.2
18033,14986.8
18034,7493.4
18035,14986.8
18036,9991.2
18037,12489
18038,14986.8
18039,19982.4
18040,17484.6
18041,7493.4
18042,7493.4
18043,19982.4
18044,4995.6
18045,2497.8
18046,19982.4
18047,29973.6
18048,24978
18049,2497.8
18050,9991.2
18051,9991.2
18052,9991.2
18053,37467
18054,4995.6
18055,2497.8
18056,12489
18057,14986.8
18058,2497.8
18059,9991.2
18060,7493.4
18061,2497.8
18062,2497.8
18063,14986.8
18064,9991.2
18065,0
18066,2497.8
18067,7493.4
18068,12489
18069,19982.4
18070,12489
18071,14986.8
18072,7493.4
18073,9991.2
18074,7493.4
18075,12489
18076,7493.4
18077,9991.2
18078,14986.8
18079,9991.2
18080,7493.4
18081,7493.4
18082,7493.4
18083,7493.4
18084,0
18085,12489
18086,17484.6
18087,7493.4
18088,12489
18089,2497.8
18090,9991.2
18091,4995.6
18092,9991.2
18093,9991.2
18094,14986.8
18095,9991.2
18096,4995.6
18097,24978
18098,19982.4
18099,7493.4
18100,0
18101,2497.8
18102,2497.8
18103,4995.6
18104,12489
18105,14986.8
18106,12489
18107,2497.8
18108,19982.4
18109,2497.8
18110,4995.6
18111,2497.8
18112,12489
18113,2497.8
18114,17484.6
18115,7493.4
18116,12489
18117,14986.8
18118,19982.4
18119,22480.2
18120,7493.4
18121,4995.6
18122,7493.4
18123,2497.8
18124,7493.4
18125,17484.6
18126,14986.8
18127,7493.4
18128,4995.6
18129,4995.6
18130,12489
18131,27475.8
18132,24978
18133,4995.6
18134,17484.6
18135,0
18136,17484.6
18137,12489
18138,12489
18139,32471.4
18140,12489
18141,19982.4
18142,4995.6
18143,7493.4
18144,17484.6
18145,2497.8
18146,9991.2
18147,2497.8
18148,14986.8
18149,7493.4
18150,7493.4
18151,7493.4
18152,12489
18153,14986.8
18154,2497.8
18155,14986.8
18156,14986.8
18157,9991.2
18158,14986.8
18159,17484.6
18160,9991.2
18161,9991.2
18162,7493.4
18163,17484.6
18164,17484.6
18165,14986.8
18166,22480.2
18167,7493.4
18168,24978
18169,4995.6
18170,9991.2
18171,4995.6
18172,9991.2
18173,24978
18174,14986.8
18175,12489
18176,17484.6
18177,14986.8
18178,2497.8
18179,9991.2
18180,0
18181,7493.4
18182,12489
18183,7493.4
18184,14986.8
18185,14986.8
18186,2497.8
18187,14986.8
18188,9991.2
18189,14986.8
18190,17484.6
18191,12489
18192,2497.8
18193,7493.4
18194,0
18195,22480.2
18196,12489
18197,9991.2
18198,4995.6
18199,7493.4
18200,4995.6
18201,14986.8
18202,14986.8
18203,17484.6
18204,7493.4
18205,4995.6
18206,12489
18207,9991.2
18208,9991.2
18209,24978
18210,9991.2
18211,12489
18212,12489
18213,2497.8
18214,22480.2
18215,4995.6
18216,12489
18217,17484.6
18218,19982.4
18219,0
18220,14986.8
18221,4995.6
18222,14986.8
18223,27475.8
18224,4995.6
18225,7493.4
18226,12489
18227,17484.6
18228,7493.4
18229,22480.2
18230,19982.4
18231,19982.4
18232,17484.6
18233,17484.6
18234,9991.2
18235,17484.6
18236,22480.2
18237,9991.2
18238,9991.2
18239,19982.4
18240,24978
18241,29973.6
18242,19982.4
18243,4995.6
18244,2497.8
18245,4995.6
18246,12489
18247,12489
18248,14986.8
18249,4995.6
18250,9991.2
18251,7493.4
18252,17484.6
18253,12489
18254,12489
18255,27475.8
18256,17484.6
18257,9991.2
18258,19982.4
18259,14986.8
18260,14986.8
18261,19982.4
18262,4995.6
18263,14986.8
18264,14986.8
18265,12489
18266,12489
18267,9991.2
18268,14986.8
18269,9991.2
18270,12489
18271,4995.6
18272,2497.8
18273,12489
18274,19982.4
18275,24978
18276,4995.6
18277,17484.6
18278,7493.4
18279,2497.8
18280,7493.4
18281,9991.2
18282,12489
18283,0
18284,2497.8
18285,19982.4
18286,12489
18287,12489
18288,7493.4
18289,7493.4
18290,9991.2
18291,4995.6
18292,9991.2
18293,4995.6
18294,4995.6
18295,9991.2
18296,27475.8
18297,14986.8
18298,4995.6
18299,17484.6
18300,7493.4
18301,2497.8
18302,24978
18303,7493.4
18304,14986.8
18305,12489
18306,17484.6
18307,14986.8
18308,12489
18309,32471.4
18310,17484.6
18311,17484.6
18312,12489
18313,9991.2
18314,19982.4
18315,4995.6
18316,7493.4
18317,27475.8
18318,9991.2
18319,9991.2
18320,14986.8
18321,14986.8
18322,9991.2
18323,14986.8
18324,12489
18325,7493.4
18326,4995.6
18327,7493.4
18328,14986.8
18329,14986.8
18330,9991.2
18331,19982.4
18332,12489
18333,12489
18334,4995.6
18335,7493.4
18336,12489
18337,14986.8
18338,14986.8
18339,17484.6
18340,9991.2
18341,9991.2
18342,24978
18343,7493.4
18344,4995.6
18345,7493.4
18346,12489
18347,12489
18348,14986.8
18349,12489
18350,4995.6
18351,7493.4
18352,14986.8
18353,14986.8
18354,7493.4
18355,9991.2
18356,4995.6
18357,9991.2
18358,9991.2
18359,9991.2
18360,17484.6
18361,17484.6
18362,0
18363,24978
18364,17484.6
18365,29973.6
18366,7493.4
18367,9991.2
18368,7493.4
18369,22480.2
18370,7493.4
18371,24978
18372,0
18373,4995.6
18374,17484.6
18375,9991.2
18376,14986.8
18377,19982.4
18378,0
18379,9991.2
18380,4995.6
18381,12489
18382,9991.2
18383,9991.2
18384,12489
18385,0
18386,17484.6
18387,22480.2
18388,7493.4
18389,14986.8
18390,29973.6
18391,14986.8
18392,9991.2
18393,4995.6
18394,9991.2
18395,2497.8
18396,7493.4
18397,17484.6
18398,14986.8
18399,14986.8
18400,29973.6
18401,29973.6
18402,19982.4
18403,24978
18404,17484.6
18405,2497.8
18406,9991.2
18407,9991.2
18408,9991.2
18409,12489
18410,17484.6
18411,4995.6
18412,7493.4
18413,19982.4
18414,4995.6
18415,17484.6
18416,17484.6
18417,12489
18418,39964.8
18419,12489
18420,4995.6
18421,12489
18422,4995.6
18423,14986.8
18424,17484.6
18425,2497.8
18426,4995.6
18427,19982.4
18428,2497.8
18429,9991.2
18430,14986.8
18431,4995.6
18432,9991.2
18433,22480.2
18434,2497.8
18435,9991.2
18436,7493.4
18437,4995.6
18438,22480.2
18439,17484.6
18440,17484.6
18441,9991.2
18442,17484.6
18443,19982.4
18444,0
18445,4995.6
18446,29973.6
18447,29973.6
18448,4995.6
18449,14986.8
18450,4995.6
18451,7493.4
18452,2497.8
18453,19982.4
18454,12489
18455,14986.8
18456,9991.2
18457,2497.8
18458,22480.2
18459,2497.8
18460,19982.4
18461,9991.2
18462,7493.4
18463,17484.6
18464,17484.6
18465,9991.2
18466,19982.4
18467,9991.2
18468,12489
18469,9991.2
18470,9991.2
18471,7493.4
18472,7493.4
18473,19982.4
18474,9991.2
18475,9991.2
18476,7493.4
18477,9991.2
18478,2497.8
18479,12489
18480,12489
18481,29973.6
18482,17484.6
18483,4995.6
18484,19982.4
18485,12489
18486,12489
18487,17484.6
18488,14986.8
18489,27475.8
18490,17484.6
18491,17484.6
18492,4995.6
18493,22480.2
18494,17484.6
18495,17484.6
18496,4995.6
18497,4995.6
18498,9991.2
18499,24978
18500,14986.8
18501,19982.4
18502,12489
18503,7493.4
18504,7493.4
18505,9991.2
18506,17484.6
18507,7493.4
18508,14986.8
18509,4995.6
18510,9991.2
18511,14986.8
18512,7493.4
18513,12489
18514,9991.2
18515,9991.2
18516,7493.4
18517,7493.4
18518,7493.4
18519,7493.4
18520,9991.2
18521,4995.6
18522,7493.4
18523,19982.4
18524,7493.4
18525,7493.4
18526,7493.4
18527,2497.8
18528,12489
18529,12489
18530,4995.6
18531,4995.6
18532,4995.6
18533,24978
18534,27475.8
18535,12489
18536,7493.4
18537,7493.4
18538,14986.8
18539,32471.4
18540,14986.8
18541,12489
18542,7493.4
18543,4995.6
18544,14986.8
18545,12489
18546,12489
18547,14986.8
18548,39964.8
18549,7493.4
18550,9991.2
18551,22480.2
18552,7493.4
18553,24978
18554,12489
18555,7493.4
18556,9991.2
18557,2497.8
18558,9991.2
18559,4995.6
18560,4995.6
18561,9991.2
18562,22480.2
18563,4995.6
18564,7493.4
18565,2497.8
18566,2497.8
18567,17484.6
18568,29973.6
18569,32471.4
18570,59947.2
18571,14986.8
18572,22480.2
18573,2497.8
18574,4995.6
18575,4995.6
18576,2497.8
18577,9991.2
18578,24978
18579,7493.4
18580,22480.2
18581,7493.4
18582,17484.6
18583,22480.2
18584,14986.8
18585,4995.6
18586,34969.2
18587,22480.2
18588,4995.6
18589,4995.6
18590,12489
18591,4995.6
18592,9991.2
18593,19982.4
18594,17484.6
18595,4995.6
18596,14986.8
18597,14986.8
18598,17484.6
18599,14986.8
18600,9991.2
18601,7493.4
18602,17484.6
18603,12489
18604,12489
18605,12489
18606,37467
18607,4995.6
18608,17484.6
18609,14986.8
18610,19982.4
18611,32471.4
18612,2497.8
18613,7493.4
18614,22480.2
18615,22480.2
18616,12489
18617,12489
18618,12489
18619,24978
18620,39964.8
18621,27475.8
18622,9991.2
18623,2497.8
18624,24978
18625,9991.2
18626,12489
18627,14986.8
18628,4995.6
18629,4995.6
18630,34969.2
18631,4995.6
18632,17484.6
18633,12489
18634,14986.8
18635,4995.6
18636,2497.8
18637,9991.2
18638,27475.8
18639,27475.8
18640,42462.6
18641,17484.6
18642,7493.4
18643,7493.4
18644,27475.8
18645,7493.4
18646,2497.8
18647,19982.4
18648,7493.4
18649,9991.2
18650,7493.4
18651,14986.8
18652,17484.6
18653,7493.4
18654,39964.8
18655,7493.4
18656,12489
18657,4995.6
18658,22480.2
18659,2497.8
18660,17484.6
18661,17484.6
18662,0
18663,29973.6
18664,34969.2
18665,19982.4
18666,22480.2
18667,9991.2
18668,19982.4
18669,9991.2
18670,9991.2
18671,22480.2
18672,4995.6
18673,7493.4
18674,4995.6
18675,12489
18676,2497.8
18677,2497.8
18678,17484.6
18679,7493.4
18680,19982.4
18681,22480.2
18682,4995.6
18683,14986.8
18684,9991.2
18685,4995.6
18686,19982.4
18687,14986.8
18688,24978
18689,9991.2
18690,24978
18691,27475.8
18692,12489
18693,14986.8
18694,7493.4
18695,12489
18696,0
18697,17484.6
18698,29973.6
18699,24978
18700,9991.2
18701,7493.4
18702,14986.8
18703,9991.2
18704,12489
18705,9991.2
18706,12489
18707,12489
18708,2497.8
18709,2497.8
18710,9991.2
18711,14986.8
18712,9991.2
18713,9991.2
18714,12489
18715,19982.4
18716,7493.4
18717,2497.8
18718,2497.8
18719,17484.6
18720,2497.8
18721,9991.2
18722,4995.6
18723,7493.4
18724,27475.8
18725,4995.6
18726,7493.4
18727,14986.8
18728,12489
18729,4995.6
18730,22480.2
18731,12489
18732,4995.6
18733,9991.2
18734,9991.2
18735,7493.4
18736,12489
18737,12489
18738,4995.6
18739,7493.4
18740,4995.6
18741,19982.4
18742,2497.8
18743,9991.2
18744,7493.4
18745,14986.8
18746,2497.8
18747,22480.2
18748,12489
18749,9991.2
18750,7493.4
18751,14986.8
18752,9991.2
18753,4995.6
18754,7493.4
18755,14986.8
18756,14986.8
18757,4995.6
18758,14986.8
18759,9991.2
18760,12489
18761,9991.2
18762,14986.8
18763,7493.4
18764,2497.8
18765,9991.2
18766,9991.2
18767,14986.8
18768,7493.4
18769,2497.8
18770,12489
18771,7493.4
18772,0
18773,14986.8
18774,2497.8
18775,4995.6
18776,7493.4
18777,7493.4
18778,7493.4
18779,4995.6
18780,9991.2
18781,19982.4
18782,7493.4
18783,14986.8
18784,7493.4
18785,7493.4
18786,2497.8
18787,14986.8
18788,14986.8
18789,17484.6
18790,4995.6
18791,12489
18792,4995.6
18793,19982.4
18794,12489
18795,7493.4
18796,4995.6
18797,14986.8
18798,9991.2
18799,24978
18800,14986.8
18801,32471.4
18802,7493.4
18803,7493.4
18804,17484.6
18805,7493.4
18806,9991.2
18807,2497.8
18808,4995.6
18809,4995.6
18810,14986.8
18811,9991.2
18812,4995.6
18813,14986.8
18814,2497.8
18815,29973.6
18816,19982.4
18817,9991.2
18818,29973.6
18819,19982.4
18820,2497.8
18821,4995.6
18822,4995.6
18823,0
18824,17484.6
18825,4995.6
18826,14986.8
18827,2497.8
18828,2497.8
18829,14986.8
18830,22480.2
18831,7493.4
18832,19982.4
18833,7493.4
18834,14986.8
18835,2497.8
18836,14986.8
18837,4995.6
18838,4995.6
18839,32471.4
18840,0
18841,9991.2
18842,22480.2
18843,2497.8
18844,17484.6
18845,7493.4
18846,19982.4
18847,14986.8
18848,17484.6
18849,27475.8
18850,17484.6
18851,7493.4
18852,17484.6
18853,22480.2
18854,22480.2
18855,4995.6
18856,9991.2
18857,4995.6
18858,7493.4
18859,24978
18860,7493.4
18861,14986.8
18862,22480.2
18863,17484.6
18864,2497.8
18865,9991.2
18866,7493.4
18867,4995.6
18868,7493.4
18869,7493.4
18870,4995.6
18871,7493.4
18872,9991.2
18873,9991.2
18874,4995.6
18875,2497.8
18876,4995.6
18877,19982.4
18878,7493.4
18879,4995.6
18880,17484.6
18881,4995.6
18882,0
18883,12489
18884,22480.2
18885,12489
18886,7493.4
18887,17484.6
18888,12489
18889,7493.4
18890,22480.2
18891,12489
18892,42462.6
18893,22480.2
18894,2497.8
18895,4995.6
18896,7493.4
18897,7493.4
18898,12489
18899,0
18900,2497.8
18901,9991.2
18902,14986.8
18903,7493.4
18904,17484.6
18905,22480.2
18906,27475.8
18907,9991.2
18908,9991.2
18909,4995.6
18910,17484.6
18911,9991.2
18912,14986.8
18913,19982.4
18914,7493.4
18915,24978
18916,7493.4
18917,29973.6
18918,9991.2
18919,2497.8
18920,17484.6
18921,0
18922,4995.6
18923,17484.6
18924,12489
18925,17484.6
18926,4995.6
18927,12489
18928,17484.6
18929,12489
18930,9991.2
18931,7493.4
18932,17484.6
18933,17484.6
18934,22480.2
18935,7493.4
18936,9991.2
18937,29973.6
18938,9991.2
18939,9991.2
18940,7493.4
18941,4995.6
18942,22480.2
18943,0
18944,4995.6
18945,7493.4
18946,9991.2
18947,9991.2
18948,9991.2
18949,7493.4
18950,2497.8
18951,4995.6
18952,17484.6
18953,0
18954,7493.4
18955,2497.8
18956,4995.6
18957,2497.8
18958,7493.4
18959,9991.2
18960,7493.4
18961,12489
18962,4995.6
18963,12489
18964,14986.8
18965,7493.4
18966,9991.2
18967,9991.2
18968,9991.2
18969,12489
18970,14986.8
18971,2497.8
18972,2497.8
18973,4995.6
18974,7493.4
18975,12489
18976,17484.6
18977,22480.2
18978,14986.8
18979,29973.6
18980,12489
18981,12489
18982,2497.8
18983,4995.6
18984,17484.6
18985,9991.2
18986,24978
18987,0
18988,29973.6
18989,12489
18990,14986.8
18991,22480.2
18992,7493.4
18993,7493.4
18994,4995.6
18995,7493.4
18996,24978
18997,12489
18998,9991.2
18999,2497.8
19000,7493.4
19001,4995.6
19002,17484.6
19003,7493.4
19004,24978
19005,12489
19006,19982.4
19007,42462.6
19008,7493.4
19009,9991.2
19010,12489
19011,2497.8
19012,17484.6
19013,4995.6
19014,9991.2
19015,4995.6
19016,22480.2
19017,12489
19018,2497.8
19019,12489
19020,17484.6
19021,4995.6
19022,12489
19023,9991.2
19024,2497.8
19025,4995.6
19026,24978
19027,7493.4
19028,2497.8
19029,7493.4
19030,34969.2
19031,24978
19032,2497.8
19033,24978
19034,12489
19035,27475.8
19036,4995.6
19037,4995.6
19038,12489
19039,2497.8
19040,19982.4
19041,0
19042,9991.2
19043,2497.8
19044,9991.2
19045,2497.8
19046,12489
19047,9991.2
19048,12489
19049,9991.2
19050,9991.2
19051,27475.8
19052,14986.8
19053,4995.6
19054,12489
19055,17484.6
19056,9991.2
19057,2497.8
19058,2497.8
19059,12489
19060,2497.8
19061,0
19062,2497.8
19063,7493.4
19064,17484.6
19065,7493.4
19066,19982.4
19067,17484.6
19068,7493.4
19069,4995.6
19070,7493.4
19071,14986.8
19072,7493.4
19073,7493.4
19074,29973.6
19075,7493.4
19076,12489
19077,9991.2
19078,17484.6
19079,17484.6
19080,32471.4
19081,0
19082,22480.2
19083,9991.2
19084,24978
19085,19982.4
19086,29973.6
19087,9991.2
19088,14986.8
19089,4995.6
19090,22480.2
19091,12489
19092,7493.4
19093,2497.8
19094,12489
19095,9991.2
19096,9991.2
19097,19982.4
19098,9991.2
19099,17484.6
19100,7493.4
19101,9991.2
19102,12489
19103,12489
19104,14986.8
19105,7493.4
19106,14986.8
19107,22480.2
19108,27475.8
19109,29973.6
19110,12489
19111,9991.2
19112,14986.8
19113,17484.6
19114,17484.6
19115,9991.2
19116,4995.6
19117,19982.4
19118,9991.2
19119,9991.2
19120,2497.8
19121,29973.6
19122,14986.8
19123,19982.4
19124,4995.6
19125,7493.4
19126,12489
19127,17484.6
19128,2497.8
19129,22480.2
19130,9991.2
19131,2497.8
19132,32471.4
19133,14986.8
19134,2497.8
19135,22480.2
19136,17484.6
19137,9991.2
19138,7493.4
19139,12489
19140,14986.8
19141,12489
19142,14986.8
19143,4995.6
19144,2497.8
19145,7493.4
19146,19982.4
19147,2497.8
19148,12489
19149,19982.4
19150,4995.6
19151,14986.8
19152,22480.2
19153,9991.2
19154,32471.4
19155,9991.2
19156,4995.6
19157,7493.4
19158,17484.6
19159,7493.4
19160,7493.4
19161,4995.6
19162,19982.4
19163,19982.4
19164,9991.2
19165,4995.6
19166,14986.8
19167,4995.6
19168,17484.6
19169,22480.2
19170,7493.4
19171,0
19172,4995.6
19173,17484.6
19174,17484.6
19175,24978
19176,4995.6
19177,12489
19178,17484.6
19179,27475.8
19180,17484.6
19181,22480.2
19182,9991.2
19183,12489
19184,7493.4
19185,14986.8
19186,9991.2
19187,4995.6
19188,4995.6
19189,14986.8
19190,7493.4
19191,17484.6
19192,7493.4
19193,22480.2
19194,19982.4
19195,0
19196,19982.4
19197,12489
19198,7493.4
19199,32471.4
19200,2497.8
19201,9991.2
19202,7493.4
19203,22480.2
19204,17484.6
19205,12489
19206,4995.6
19207,14986.8
19208,2497.8
19209,14986.8
19210,4995.6
19211,17484.6
19212,14986.8
19213,7493.4
19214,7493.4
19215,14986.8
19216,14986.8
19217,14986.8
19218,24978
19219,17484.6
19220,24978
19221,19982.4
19222,12489
19223,17484.6
19224,0
19225,19982.4
19226,7493.4
19227,29973.6
19228,22480.2
19229,14986.8
19230,4995.6
19231,4995.6
19232,17484.6
19233,24978
19234,9991.2
19235,0
19236,9991.2
19237,9991.2
19238,7493.4
19239,7493.4
19240,24978
19241,24978
19242,9991.2
19243,17484.6
19244,14986.8
19245,4995.6
19246,14986.8
19247,7493.4
19248,2497.8
19249,9991.2
19250,12489
19251,19982.4
19252,7493.4
19253,14986.8
19254,4995.6
19255,19982.4
19256,12489
19257,27475.8
19258,9991.2
19259,4995.6
19260,7493.4
19261,14986.8
19262,12489
19263,7493.4
19264,9991.2
19265,24978
19266,4995.6
19267,7493.4
19268,7493.4
19269,12489
19270,9991.2
19271,12489
19272,7493.4
19273,14986.8
19274,9991.2
19275,7493.4
19276,9991.2
19277,19982.4
19278,7493.4
19279,9991.2
19280,9991.2
19281,4995.6
19282,19982.4
19283,9991.2
19284,14986.8
19285,4995.6
19286,12489
19287,19982.4
19288,2497.8
19289,7493.4
19290,17484.6
19291,9991.2
19292,0
19293,24978
19294,12489
19295,7493.4
19296,12489
19297,9991.2
19298,9991.2
19299,17484.6
19300,24978
19301,12489
19302,47458.2
19303,7493.4
19304,9991.2
19305,9991.2
19306,12489
19307,9991.2
19308,2497.8
19309,9991.2
19310,2497.8
19311,2497.8
19312,12489
19313,12489
19314,9991.2
19315,19982.4
19316,0
19317,12489
19318,12489
19319,14986.8
19320,14986.8
19321,12489
19322,24978
19323,7493.4
19324,12489
19325,4995.6
19326,9991.2
19327,2497.8
19328,9991.2
19329,14986.8
19330,2497.8
19331,12489
19332,7493.4
19333,14986.8
19334,12489
19335,29973.6
19336,32471.4
19337,12489
19338,12489
19339,12489
19340,9991.2
19341,14986.8
19342,14986.8
19343,24978
19344,22480.2
19345,2497.8
19346,22480.2
19347,4995.6
19348,2497.8
19349,22480.2
19350,22480.2
19351,7493.4
19352,29973.6
19353,14986.8
19354,2497.8
19355,12489
19356,9991.2
19357,12489
19358,14986.8
19359,4995.6
19360,17484.6
19361,19982.4
19362,14986.8
19363,9991.2
19364,2497.8
19365,0
19366,7493.4
19367,14986.8
19368,7493.4
19369,7493.4
19370,14986.8
19371,12489
19372,34969.2
19373,2497.8
19374,2497.8
19375,17484.6
19376,14986.8
19377,9991.2
19378,12489
19379,9991.2
19380,14986.8
19381,14986.8
19382,2497.8
19383,9991.2
19384,17484.6
19385,19982.4
19386,12489
19387,24978
19388,14986.8
19389,7493.4
19390,24978
19391,9991.2
19392,14986.8
19393,4995.6
19394,12489
19395,2497.8
19396,9991.2
19397,4995.6
19398,27475.8
19399,24978
19400,14986.8
19401,2497.8
19402,14986.8
19403,29973.6
19404,7493.4
19405,19982.4
19406,27475.8
19407,14986.8
19408,7493.4
19409,9991.2
19410,12489
19411,12489
19412,2497.8
19413,7493.4
19414,7493.4
19415,4995.6
19416,14986.8
19417,12489
19418,14986.8
19419,17484.6
19420,4995.6
19421,7493.4
19422,7493.4
19423,32471.4
19424,2497.8
19425,0
19426,0
19427,19982.4
19428,7493.4
19429,29973.6
19430,7493.4
19431,19982.4
19432,19982.4
19433,2497.8
19434,27475.8
19435,4995.6
19436,9991.2
19437,17484.6
19438,2497.8
19439,27475.8
19440,14986.8
19441,12489
19442,9991.2
19443,22480.2
19444,24978
19445,4995.6
19446,4995.6
19447,7493.4
19448,4995.6
19449,27475.8
19450,7493.4
19451,7493.4
19452,17484.6
19453,12489
19454,27475.8
19455,17484.6
19456,17484.6
19457,7493.4
19458,7493.4
19459,14986.8
19460,29973.6
19461,4995.6
19462,9991.2
19463,2497.8
19464,19982.4
19465,12489
19466,24978
19467,4995.6
19468,9991.2
19469,9991.2
19470,9991.2
19471,7493.4
19472,7493.4
19473,14986.8
19474,9991.2
19475,9991.2
19476,9991.2
19477,7493.4
19478,14986.8
19479,19982.4
19480,17484.6
19481,2497.8
19482,7493.4
19483,4995.6
19484,9991.2
19485,19982.4
19486,4995.6
19487,17484.6
19488,17484.6
19489,14986.8
19490,9991.2
19491,4995.6
19492,14986.8
19493,9991.2
19494,12489
19495,14986.8
19496,34969.2
19497,14986.8
19498,12489
19499,7493.4
19500,17484.6
19501,22480.2
19502,14986.8
19503,12489
19504,9991.2
19505,12489
19506,14986.8
19507,7493.4
19508,12489
19509,2497.8
19510,12489
19511,22480.2
19512,4995.6
19513,4995.6
19514,4995.6
19515,17484.6
19516,9991.2
19517,14986.8
19518,19982.4
19519,22480.2
19520,4995.6
19521,12489
19522,4995.6
19523,4995.6
19524,7493.4
19525,12489
19526,14986.8
19527,9991.2
19528,2497.8
19529,17484.6
19530,14986.8
19531,32471.4
19532,12489
19533,24978
19534,14986.8
19535,22480.2
19536,7493.4
19537,7493.4
19538,29973.6
19539,17484.6
19540,19982.4
19541,9991.2
19542,7493.4
19543,12489
19544,4995.6
19545,24978
19546,17484.6
19547,7493.4
19548,9991.2
19549,12489
19550,4995.6
19551,2497.8
19552,27475.8
19553,4995.6
19554,7493.4
19555,4995.6
19556,19982.4
19557,19982.4
19558,19982.4
19559,17484.6
19560,12489
19561,29973.6
19562,0
19563,4995.6
19564,12489
19565,22480.2
19566,2497.8
19567,7493.4
19568,0
19569,0
19570,22480.2
19571,2497.8
19572,22480.2
19573,24978
19574,9991.2
19575,2497.8
19576,2497.8
19577,14986.8
19578,7493.4
19579,12489
19580,12489
19581,7493.4
19582,12489
19583,44960.4
19584,19982.4
19585,19982.4
19586,12489
19587,12489
19588,12489
19589,9991.2
19590,17484.6
19591,4995.6
19592,7493.4
19593,2497.8
19594,4995.6
19595,7493.4
19596,22480.2
19597,14986.8
19598,7493.4
19599,14986.8
19600,12489
19601,22480.2
19602,2497.8
19603,14986.8
19604,4995.6
19605,14986.8
19606,2497.8
19607,17484.6
19608,14986.8
19609,2497.8
19610,34969.2
19611,52453.8
19612,14986.8
19613,14986.8
19614,22480.2
19615,14986.8
19616,12489
19617,2497.8
19618,4995.6
19619,4995.6
19620,9991.2
19621,7493.4
19622,9991.2
19623,7493.4
19624,37467
19625,17484.6
19626,12489
19627,7493.4
19628,9991.2
19629,14986.8
19630,0
19631,14986.8
19632,17484.6
19633,9991.2
19634,14986.8
19635,7493.4
19636,7493.4
19637,24978
19638,4995.6
19639,7493.4
19640,12489
19641,22480.2
19642,7493.4
19643,17484.6
19644,9991.2
19645,9991.2
19646,14986.8
19647,9991.2
19648,4995.6
19649,0
19650,7493.4
19651,14986.8
19652,17484.6
19653,4995.6
19654,22480.2
19655,14986.8
19656,17484.6
19657,7493.4
19658,7493.4
19659,2497.8
19660,17484.6
19661,0
19662,2497.8
19663,9991.2
19664,2497.8
19665,17484.6
19666,7493.4
19667,9991.2
19668,7493.4
19669,4995.6
19670,22480.2
19671,7493.4
19672,4995.6
19673,12489
19674,14986.8
19675,19982.4
19676,17484.6
19677,14986.8
19678,12489
19679,17484.6
19680,4995.6
19681,4995.6
19682,2497.8
19683,12489
19684,14986.8
19685,19982.4
19686,17484.6
19687,7493.4
19688,19982.4
19689,7493.4
19690,14986.8
19691,14986.8
19692,9991.2
19693,12489
19694,7493.4
19695,12489
19696,7493.4
19697,12489
19698,12489
19699,9991.2
19700,9991.2
19701,2497.8
19702,9991.2
19703,12489
19704,19982.4
19705,2497.8
19706,19982.4
19707,24978
19708,12489
19709,12489
19710,0
19711,29973.6
19712,27475.8
19713,32471.4
19714,7493.4
19715,0
19716,9991.2
19717,7493.4
19718,17484.6
19719,9991.2
19720,9991.2
19721,7493.4
19722,12489
19723,9991.2
19724,0
19725,7493.4
19726,17484.6
19727,7493.4
19728,9991.2
19729,29973.6
19730,27475.8
19731,14986.8
19732,7493.4
19733,19982.4
19734,9991.2
19735,12489
19736,12489
19737,12489
19738,2497.8
19739,9991.2
19740,2497.8
19741,4995.6
19742,4995.6
19743,24978
19744,19982.4
19745,12489
19746,14986.8
19747,4995.6
19748,32471.4
19749,7493.4
19750,14986.8
19751,27475.8
19752,9991.2
19753,9991.2
19754,12489
19755,7493.4
19756,9991.2
19757,2497.8
19758,4995.6
19759,4995.6
19760,14986.8
19761,12489
19762,0
19763,4995.6
19764,9991.2
19765,7493.4
19766,2497.8
19767,17484.6
19768,2497.8
19769,27475.8
19770,17484.6
19771,9991.2
19772,4995.6
19773,14986.8
19774,2497.8
19775,12489
19776,12489
19777,22480.2
19778,7493.4
19779,17484.6
19780,22480.2
19781,2497.8
19782,7493.4
19783,2497.8
19784,27475.8
19785,9991.2
19786,4995.6
19787,9991.2
19788,9991.2
19789,0
19790,12489
19791,12489
19792,7493.4
19793,19982.4
19794,4995.6
19795,17484.6
19796,9991.2
19797,7493.4
19798,29973.6
19799,7493.4
19800,9991.2
19801,4995.6
19802,7493.4
19803,27475.8
19804,4995.6
19805,2497.8
19806,19982.4
19807,7493.4
19808,17484.6
19809,4995.6
19810,9991.2
19811,14986.8
19812,7493.4
19813,17484.6
19814,12489
19815,2497.8
19816,4995.6
19817,12489
19818,17484.6
19819,0
19820,9991.2
19821,2497.8
19822,0
19823,0
19824,17484.6
19825,2497.8
19826,4995.6
19827,9991.2
19828,29973.6
19829,19982.4
19830,4995.6
19831,24978
19832,14986.8
19833,4995.6
19834,17484.6
19835,14986.8
19836,7493.4
19837,4995.6
19838,29973.6
19839,4995.6
19840,17484.6
19841,29973.6
19842,24978
19843,9991.2
19844,12489
19845,12489
19846,14986.8
19847,24978
19848,17484.6
19849,24978
19850,9991.2
19851,24978
19852,0
19853,2497.8
19854,19982.4
19855,14986.8
19856,14986.8
19857,19982.4
19858,14986.8
19859,29973.6
19860,2497.8
19861,7493.4
19862,4995.6
19863,14986.8
19864,7493.4
19865,4995.6
19866,9991.2
19867,7493.4
19868,7493.4
19869,2497.8
19870,9991.2
19871,2497.8
19872,12489
19873,19982.4
19874,4995.6
19875,14986.8
19876,17484.6
19877,2497.8
19878,2497.8
19879,4995.6
19880,4995.6
19881,4995.6
19882,7493.4
19883,12489
19884,4995.6
19885,2497.8
19886,22480.2
19887,4995.6
19888,9991.2
19889,14986.8
19890,7493.4
19891,7493.4
19892,12489
19893,22480.2
19894,27475.8
19895,17484.6
19896,24978
19897,12489
19898,12489
19899,7493.4
19900,2497.8
19901,29973.6
19902,14986.8
19903,0
19904,22480.2
19905,19982.4
19906,14986.8
19907,9991.2
19908,14986.8
19909,9991.2
19910,17484.6
19911,9991.2
19912,22480.2
19913,12489
19914,14986.8
19915,27475.8
19916,7493.4
19917,7493.4
19918,9991.2
19919,14986.8
19920,12489
19921,2497.8
19922,7493.4
19923,12489
19924,7493.4
19925,34969.2
19926,4995.6
19927,2497.8
19928,14986.8
19929,4995.6
19930,9991.2
19931,7493.4
19932,22480.2
19933,4995.6
19934,2497.8
19935,2497.8
19936,14986.8
19937,29973.6
19938,4995.6
19939,17484.6
19940,2497.8
19941,9991.2
19942,2497.8
19943,9991.2
19944,4995.6
19945,14986.8
19946,12489
19947,19982.4
19948,2497.8
19949,12489
19950,9991.2
19951,17484.6
19952,9991.2
19953,14986.8
19954,4995.6
19955,2497.8
19956,9991.2
19957,4995.6
19958,14986.8
19959,19982.4
19960,17484.6
19961,12489
19962,4995.6
19963,27475.8
19964,4995.6
19965,7493.4
19966,14986.8
19967,12489
19968,7493.4
19969,4995.6
19970,2497.8
19971,22480.2
19972,24978
19973,7493.4
19974,14986.8
19975,19982.4
19976,19982.4
19977,0
19978,22480.2
19979,32471.4
19980,9991.2
19981,0
19982,17484.6
19983,19982.4
19984,12489
19985,32471.4
19986,4995.6
19987,9991.2
19988,19982.4
19989,12489
19990,29973.6
19991,24978
19992,9991.2
19993,12489
19994,7493.4
19995,2497.8
19996,14986.8
19997,7493.4
19998,2497.8
19999,9991.2
20000,17484.6
